,ts_code,trade_date,open,high,low,close,pre_close,change,pct_chg,vol,amount
0,603506.SH,20200514,22.6,22.8,22.03,22.68,22.48,0.2,0.8897,19867.35,44523.893
1,603530.SH,20200514,35.74,36.2,32.2,34.38,34.68,-0.3,-0.8651,152021.4,521986.393
2,603536.SH,20200514,15.26,15.26,14.7,14.77,15.49,-0.72,-4.6482,136421.45,203503.537
3,603578.SH,20200514,21.07,21.4,20.93,21.14,21.2,-0.06,-0.283,11891.0,25219.198
4,603589.SH,20200514,43.98,46.2,43.52,45.82,44.05,1.77,4.0182,139661.02,632612.093
5,603506.SH,20200513,21.73,22.49,21.24,22.48,21.56,0.92,4.2672,22575.41,49810.984
6,603530.SH,20200513,33.32,36.85,33.32,34.68,33.51,1.17,3.4915,159529.14,569845.649
7,603536.SH,20200513,14.72,15.93,14.58,15.49,14.81,0.68,4.5915,236845.69,360241.639
8,603578.SH,20200513,20.86,21.2,20.66,21.2,20.76,0.44,2.1195,14077.9,29659.904
9,603589.SH,20200513,42.4,44.14,42.0,44.05,42.53,1.52,3.5739,94851.32,413191.821
10,603506.SH,20200512,21.65,21.87,21.21,21.56,21.73,-0.17,-0.7823,14063.69,30247.52
11,603530.SH,20200512,32.68,33.51,31.56,33.51,30.46,3.05,10.0131,146372.78,479175.878
12,603536.SH,20200512,13.78,15.12,13.68,14.81,13.77,1.04,7.5527,187882.62,276652.408
13,603578.SH,20200512,20.85,20.96,20.57,20.76,20.91,-0.15,-0.7174,6561.0,13616.028
14,603589.SH,20200512,43.29,43.87,42.3,42.53,43.34,-0.81,-1.8689,85622.26,367515.033
15,603506.SH,20200511,21.92,21.92,21.16,21.73,21.66,0.07,0.3232,15843.3,34118.307
16,603530.SH,20200511,28.03,30.46,28.01,30.46,27.69,2.77,10.0036,83012.24,245429.372
17,603536.SH,20200511,14.18,14.23,13.6,13.77,14.15,-0.38,-2.6855,74012.69,102310.151
18,603578.SH,20200511,21.22,21.25,20.78,20.91,21.0,-0.09,-0.4286,8860.9,18575.128
19,603589.SH,20200511,42.49,43.74,42.36,43.34,42.48,0.86,2.0245,93350.95,402916.875
20,603506.SH,20200508,21.47,21.97,21.02,21.66,21.45,0.21,0.979,24142.63,52024.948
21,603530.SH,20200508,29.58,30.98,27.5,27.69,30.44,-2.75,-9.0342,169515.32,493020.374
22,603536.SH,20200508,14.0,14.44,13.88,14.15,14.5,-0.35,-2.4138,92073.14,130126.676
23,603578.SH,20200508,20.97,21.28,20.8,21.0,20.86,0.14,0.6711,12932.78,27241.595
24,603589.SH,20200508,41.39,42.97,41.11,42.48,41.45,1.03,2.4849,111903.05,472879.008
25,603506.SH,20200507,20.3,22.0,20.3,21.45,20.36,1.09,5.3536,31556.08,67441.64
26,603530.SH,20200507,28.47,31.74,28.47,30.44,28.9,1.54,5.3287,168520.06,510451.149
27,603536.SH,20200507,13.91,14.95,13.61,14.5,13.81,0.69,4.9964,119136.77,171699.817
28,603578.SH,20200507,20.6,21.48,20.6,20.86,20.78,0.08,0.385,16621.78,35101.433
29,603589.SH,20200507,40.9,41.52,40.22,41.45,40.83,0.62,1.5185,84666.24,346435.948
30,603506.SH,20200506,19.9,20.51,19.63,20.36,20.0,0.36,1.8,16752.41,33542.38
31,603530.SH,20200506,27.49,28.9,25.21,28.9,26.27,2.63,10.0114,145869.97,405411.33
32,603536.SH,20200506,13.25,13.85,13.11,13.81,13.34,0.47,3.5232,67411.4,91125.428
33,603578.SH,20200506,20.47,20.84,20.3,20.78,20.76,0.02,0.0963,10501.0,21684.802
34,603589.SH,20200506,40.9,41.18,40.65,40.83,41.21,-0.38,-0.9221,60863.4,248503.812
35,603506.SH,20200430,20.71,21.1,19.91,20.0,20.74,-0.74,-3.568,26387.63,53269.989
36,603530.SH,20200430,24.76,26.27,23.92,26.27,23.88,2.39,10.0084,182069.91,463154.394
37,603536.SH,20200430,13.7,13.78,12.8,13.34,13.66,-0.32,-2.3426,81800.33,108841.342
38,603578.SH,20200430,20.65,20.89,20.6,20.76,20.62,0.14,0.679,9994.6,20746.53
39,603589.SH,20200430,41.86,42.4,40.59,41.21,41.68,-0.47,-1.1276,73823.26,303803.535
40,603506.SH,20200429,20.8,21.3,20.25,20.74,20.52,0.22,1.0721,14894.58,30883.433
41,603530.SH,20200429,22.0,23.88,21.9,23.88,21.71,2.17,9.9954,167188.96,387451.385
42,603536.SH,20200429,14.45,14.79,13.61,13.66,14.54,-0.88,-6.0523,106043.91,149496.542
43,603578.SH,20200429,20.86,21.18,20.6,20.62,20.91,-0.29,-1.3869,11053.8,23022.249
44,603589.SH,20200429,41.65,42.6,41.0,41.68,41.55,0.13,0.3129,62938.68,264510.182
45,603506.SH,20200428,20.68,20.95,19.77,20.52,20.6,-0.08,-0.3883,14491.35,29800.546
46,603530.SH,20200428,19.64,21.71,17.77,21.71,19.74,1.97,9.9797,143781.18,299188.152
47,603536.SH,20200428,15.07,15.07,13.6,14.54,15.11,-0.57,-3.7723,146258.49,209884.652
48,603578.SH,20200428,20.5,20.94,19.86,20.91,20.44,0.47,2.2994,15580.8,32124.64
49,603589.SH,20200428,39.0,41.8,39.0,41.55,40.61,0.94,2.3147,109365.39,442120.236
50,603506.SH,20200427,20.4,20.88,19.88,20.6,20.08,0.52,2.5896,14294.7,29337.455
51,603530.SH,20200427,19.9,20.43,19.64,19.74,19.9,-0.16,-0.804,28107.0,56367.908
52,603536.SH,20200427,13.99,15.11,13.59,15.11,13.74,1.37,9.9709,138775.23,201773.949
53,603578.SH,20200427,20.2,20.88,20.19,20.44,20.45,-0.01,-0.0489,8668.5,17871.841
54,603589.SH,20200427,41.4,41.8,40.48,40.61,41.85,-1.24,-2.963,69778.0,286000.47
55,603506.SH,20200424,20.2,21.18,19.93,20.08,20.2,-0.12,-0.5941,20226.86,41343.754
56,603530.SH,20200424,20.17,20.47,19.86,19.9,20.29,-0.39,-1.9221,36050.6,72591.738
57,603536.SH,20200424,14.82,14.96,13.6,13.74,14.75,-1.01,-6.8475,113630.83,159559.134
58,603578.SH,20200424,20.05,20.88,20.05,20.45,20.66,-0.21,-1.0165,18620.32,38321.891
59,603589.SH,20200424,41.99,42.49,40.8,41.85,40.97,0.88,2.1479,113139.88,474484.608
60,603506.SH,20200423,19.51,20.43,19.16,20.2,19.32,0.88,4.5549,22356.66,44462.907
61,603530.SH,20200423,20.94,21.2,20.23,20.29,20.94,-0.65,-3.1041,45619.9,94103.481
62,603536.SH,20200423,15.45,15.5,14.6,14.75,15.61,-0.86,-5.5093,168119.59,252920.064
63,603578.SH,20200423,20.0,21.19,20.0,20.66,19.26,1.4,7.269,32184.38,66980.871
64,603589.SH,20200423,41.0,41.73,40.75,40.97,40.69,0.28,0.6881,57740.71,238048.703
65,603506.SH,20200422,18.61,19.44,18.42,19.32,18.77,0.55,2.9302,12750.1,24393.673
66,603530.SH,20200422,20.12,21.59,20.11,20.94,20.54,0.4,1.9474,65388.81,137311.202
67,603536.SH,20200422,14.94,16.2,14.51,15.61,14.74,0.87,5.9023,214620.57,326275.518
68,603578.SH,20200422,19.15,19.34,18.8,19.26,19.15,0.11,0.5744,5923.63,11298.074
69,603589.SH,20200422,39.71,40.72,39.0,40.69,39.77,0.92,2.3133,50027.28,201264.459
70,603506.SH,20200421,19.2,19.2,18.6,18.77,19.2,-0.43,-2.2396,6890.7,12970.344
71,603530.SH,20200421,20.23,20.57,19.88,20.54,20.26,0.28,1.382,43801.9,88324.195
72,603536.SH,20200421,13.43,14.74,13.3,14.74,13.4,1.34,10.0,156658.8,223492.332
73,603578.SH,20200421,19.38,19.38,19.1,19.15,19.3,-0.15,-0.7772,3818.0,7328.441
74,603589.SH,20200421,41.5,41.5,39.36,39.77,41.35,-1.58,-3.821,72741.75,290985.52
75,603506.SH,20200420,19.3,19.39,19.1,19.2,19.2,0.0,0.0,6461.69,12407.086
76,603530.SH,20200420,20.21,20.35,19.7,20.26,20.23,0.03,0.1483,41773.41,83953.612
77,603536.SH,20200420,13.28,13.45,12.91,13.4,13.17,0.23,1.7464,57056.74,75687.218
78,603578.SH,20200420,19.45,19.45,19.1,19.3,19.3,0.0,0.0,4206.92,8112.83
79,603589.SH,20200420,41.23,41.65,41.08,41.35,41.09,0.26,0.6328,47231.71,195064.674
80,603506.SH,20200417,18.99,19.3,18.94,19.2,18.95,0.25,1.3193,8307.1,15909.886
81,603530.SH,20200417,20.84,20.95,20.01,20.23,20.92,-0.69,-3.2983,72635.5,148831.883
82,603536.SH,20200417,13.69,13.79,13.17,13.17,13.7,-0.53,-3.8686,72066.0,97134.546
83,603578.SH,20200417,19.43,19.55,19.22,19.3,19.22,0.08,0.4162,4830.81,9375.452
84,603589.SH,20200417,40.28,41.97,40.08,41.09,40.23,0.86,2.1377,100793.02,416840.226
85,603506.SH,20200416,19.0,19.26,18.55,18.95,19.0,-0.05,-0.2632,11073.3,20999.026
86,603530.SH,20200416,20.58,21.38,20.25,20.92,20.93,-0.01,-0.0478,66581.65,139614.206
87,603536.SH,20200416,13.76,14.06,13.65,13.7,13.74,-0.04,-0.2911,57345.85,79248.199
88,603578.SH,20200416,19.22,19.46,19.04,19.22,19.26,-0.04,-0.2077,4302.83,8309.913
89,603589.SH,20200416,40.32,40.89,40.02,40.23,40.69,-0.46,-1.1305,40401.37,162689.256
90,603506.SH,20200415,19.0,19.17,18.52,19.0,19.03,-0.03,-0.1576,9779.8,18411.931
91,603530.SH,20200415,21.3,21.74,20.8,20.93,21.35,-0.42,-1.9672,64131.06,135229.43
92,603536.SH,20200415,14.17,14.17,13.73,13.74,14.22,-0.48,-3.3755,64831.28,90245.552
93,603578.SH,20200415,19.51,19.63,19.23,19.26,19.51,-0.25,-1.2814,4003.4,7775.152
94,603589.SH,20200415,41.55,41.83,40.59,40.69,41.65,-0.96,-2.3049,55376.66,227477.975
95,603506.SH,20200414,18.81,19.07,18.76,19.03,18.78,0.25,1.3312,6960.0,13167.093
96,603530.SH,20200414,21.0,21.89,20.93,21.35,20.94,0.41,1.958,55634.65,118786.276
97,603536.SH,20200414,14.4,14.4,14.03,14.22,14.36,-0.14,-0.9749,57783.06,81955.865
98,603578.SH,20200414,19.1,19.68,19.1,19.51,19.22,0.29,1.5088,5645.11,11012.738
99,603589.SH,20200414,41.88,41.95,41.15,41.65,41.53,0.12,0.2889,41768.57,173287.799
100,603506.SH,20200413,18.9,19.05,18.62,18.78,19.19,-0.41,-2.1365,6255.9,11775.793
101,603530.SH,20200413,21.02,21.57,20.77,20.94,21.39,-0.45,-2.1038,48153.61,101548.184
102,603536.SH,20200413,14.03,14.42,13.41,14.36,14.16,0.2,1.4124,66457.46,93894.082
103,603578.SH,20200413,19.16,19.33,18.8,19.22,19.16,0.06,0.3132,3083.0,5888.82
104,603589.SH,20200413,41.43,42.14,40.77,41.53,41.76,-0.23,-0.5508,41457.11,172089.99
105,603506.SH,20200410,19.4,19.54,18.74,19.19,19.22,-0.03,-0.1561,7856.55,15005.908
106,603530.SH,20200410,21.93,22.43,21.2,21.39,22.39,-1.0,-4.4663,84224.0,183117.215
107,603536.SH,20200410,14.95,15.14,14.07,14.16,14.88,-0.72,-4.8387,94488.28,136953.918
108,603578.SH,20200410,19.63,19.73,19.05,19.16,19.7,-0.54,-2.7411,7184.0,13845.688
109,603589.SH,20200410,41.41,42.5,41.02,41.76,41.38,0.38,0.9183,66469.08,279084.544
110,603506.SH,20200409,19.2,19.37,19.13,19.22,19.21,0.01,0.0521,5873.02,11313.999
111,603530.SH,20200409,20.96,22.9,20.96,22.39,20.9,1.49,7.1292,128811.12,284600.559
112,603536.SH,20200409,14.99,15.32,14.52,14.88,15.09,-0.21,-1.3917,124489.48,184402.801
113,603578.SH,20200409,19.66,19.78,19.62,19.7,19.62,0.08,0.4077,4961.0,9770.694
114,603589.SH,20200409,41.66,41.88,41.2,41.38,41.44,-0.06,-0.1448,23650.74,97829.006
115,603506.SH,20200408,19.06,19.31,19.06,19.21,19.19,0.02,0.1042,5627.74,10789.129
116,603530.SH,20200408,21.45,21.5,20.86,20.9,21.78,-0.88,-4.0404,80058.74,169271.612
117,603536.SH,20200408,15.55,15.96,14.99,15.09,16.17,-1.08,-6.679,176075.95,270674.593
118,603578.SH,20200408,19.73,19.75,19.55,19.62,19.72,-0.1,-0.5071,4981.0,9775.258
119,603589.SH,20200408,41.11,41.69,40.83,41.44,41.35,0.09,0.2177,39217.76,162163.637
120,603506.SH,20200407,18.81,19.46,18.63,19.19,18.48,0.71,3.842,12972.2,24708.223
121,603530.SH,20200407,21.7,21.99,21.26,21.78,21.31,0.47,2.2055,76636.98,166106.026
122,603536.SH,20200407,14.6,16.61,14.6,16.17,15.25,0.92,6.0328,255454.43,396623.509
123,603578.SH,20200407,19.78,19.88,19.5,19.72,19.42,0.3,1.5448,6224.9,12274.457
124,603589.SH,20200407,40.8,41.73,40.8,41.35,40.29,1.06,2.6309,50199.09,207380.365
125,603506.SH,20200403,18.43,18.79,18.16,18.48,18.42,0.06,0.3257,9051.36,16818.993
126,603530.SH,20200403,22.38,22.53,21.27,21.31,22.56,-1.25,-5.5408,87548.28,190081.278
127,603536.SH,20200403,14.69,15.88,14.3,15.25,15.23,0.02,0.1313,237836.67,363976.917
128,603578.SH,20200403,19.54,19.69,19.4,19.42,19.5,-0.08,-0.4103,3058.0,5958.643
129,603589.SH,20200403,40.46,41.19,40.13,40.29,40.61,-0.32,-0.788,37195.69,150969.087
130,603506.SH,20200402,17.98,18.5,17.97,18.42,18.21,0.21,1.1532,6061.87,11088.301
131,603530.SH,20200402,21.49,22.88,21.12,22.56,21.42,1.14,5.3221,98629.52,217530.195
132,603536.SH,20200402,14.67,16.48,14.67,15.23,15.03,0.2,1.3307,303445.62,470704.261
133,603578.SH,20200402,19.3,19.54,19.1,19.5,19.38,0.12,0.6192,2782.13,5397.884
134,603589.SH,20200402,40.16,40.79,40.0,40.61,40.45,0.16,0.3956,41957.05,169416.522
135,603506.SH,20200401,18.05,18.7,17.93,18.21,18.22,-0.01,-0.0549,9852.55,18135.91
136,603530.SH,20200401,22.6,23.18,21.21,21.42,22.8,-1.38,-6.0526,108250.55,241629.163
137,603536.SH,20200401,14.62,15.03,13.97,15.03,13.66,1.37,10.0293,251522.44,368631.962
138,603578.SH,20200401,19.87,19.87,19.34,19.38,19.55,-0.17,-0.8696,4121.13,8023.194
139,603589.SH,20200401,41.39,41.5,40.21,40.45,41.36,-0.91,-2.2002,52437.47,213409.392
140,603506.SH,20200331,18.0,18.4,17.97,18.22,17.97,0.25,1.3912,7201.07,13072.538
141,603530.SH,20200331,22.01,23.56,21.6,22.8,22.02,0.78,3.5422,136523.07,305481.441
142,603536.SH,20200331,12.9,13.66,12.5,13.66,12.42,1.24,9.9839,60479.46,80493.485
143,603578.SH,20200331,19.2,20.5,19.2,19.55,19.16,0.39,2.0355,6484.0,12807.554
144,603589.SH,20200331,41.88,42.17,41.02,41.36,41.38,-0.02,-0.0483,72826.22,302674.057
145,603506.SH,20200330,18.3,18.3,17.6,17.97,18.37,-0.4,-2.1775,10806.43,19270.866
146,603530.SH,20200330,20.67,22.38,19.53,22.02,21.0,1.02,4.8571,110254.43,232818.657
147,603536.SH,20200330,12.35,12.93,12.01,12.42,12.58,-0.16,-1.2719,47795.34,59880.574
148,603578.SH,20200330,19.6,19.81,19.0,19.16,20.05,-0.89,-4.4389,6606.98,12749.72
149,603589.SH,20200330,41.18,41.99,40.6,41.38,42.2,-0.82,-1.9431,75673.63,312338.39
150,603506.SH,20200327,18.45,18.64,18.22,18.37,18.1,0.27,1.4917,7447.3,13721.849
151,603530.SH,20200327,21.11,21.82,20.5,21.0,20.82,0.18,0.8646,90305.01,191903.069
152,603536.SH,20200327,13.28,13.34,12.5,12.58,13.09,-0.51,-3.8961,69982.31,89534.385
153,603578.SH,20200327,20.47,20.63,20.05,20.05,20.35,-0.3,-1.4742,5217.0,10595.238
154,603589.SH,20200327,40.99,42.6,40.99,42.2,40.44,1.76,4.3521,99097.28,418140.687
155,603506.SH,20200326,18.25,18.44,18.03,18.1,18.4,-0.3,-1.6304,7329.69,13336.04
156,603530.SH,20200326,21.65,21.85,20.65,20.82,22.21,-1.39,-6.2584,92290.82,195912.383
157,603536.SH,20200326,12.65,13.29,12.45,13.09,12.65,0.44,3.4783,91501.97,118635.114
158,603578.SH,20200326,20.01,20.88,20.01,20.35,20.96,-0.61,-2.9103,5924.0,12117.713
159,603589.SH,20200326,40.0,42.2,39.75,40.44,39.29,1.15,2.927,105880.52,434387.499
160,603506.SH,20200325,18.36,18.59,18.09,18.4,18.02,0.38,2.1088,12093.84,22154.739
161,603530.SH,20200325,22.0,22.4,21.03,22.21,21.71,0.5,2.3031,121980.6,267188.362
162,603536.SH,20200325,12.35,12.91,12.28,12.65,12.18,0.47,3.8588,71119.77,89505.893
163,603578.SH,20200325,21.08,21.24,20.81,20.96,20.9,0.06,0.2871,7733.63,16192.289
164,603589.SH,20200325,38.9,39.49,38.7,39.29,37.9,1.39,3.6675,51995.17,203119.557
165,603506.SH,20200324,17.77,18.02,17.56,18.02,17.54,0.48,2.7366,10180.73,18163.372
166,603530.SH,20200324,22.74,23.27,20.58,21.71,22.87,-1.16,-5.0721,158918.91,344237.518
167,603536.SH,20200324,11.93,12.28,11.63,12.18,11.78,0.4,3.3956,49784.54,59978.12
168,603578.SH,20200324,20.55,21.18,20.55,20.9,20.54,0.36,1.7527,4837.0,10078.129
169,603589.SH,20200324,37.16,37.98,36.89,37.9,36.4,1.5,4.1209,51044.17,191262.95
170,603506.SH,20200323,17.85,17.97,17.5,17.54,18.15,-0.61,-3.3609,13009.3,22991.993
171,603530.SH,20200323,25.99,27.4,22.87,22.87,25.41,-2.54,-9.9961,193828.53,476087.173
172,603536.SH,20200323,12.31,12.55,11.61,11.78,12.73,-0.95,-7.4627,53999.32,65634.819
173,603578.SH,20200323,20.94,21.0,20.51,20.54,21.04,-0.5,-2.3764,5269.0,10915.463
174,603589.SH,20200323,37.16,37.5,36.4,36.4,38.0,-1.6,-4.2105,43964.17,162630.803
175,603506.SH,20200320,18.28,18.31,17.94,18.15,18.1,0.05,0.2762,9417.49,17096.199
176,603530.SH,20200320,23.5,25.41,23.25,25.41,23.1,2.31,10.0,107660.98,266256.112
177,603536.SH,20200320,12.38,12.76,12.16,12.73,12.21,0.52,4.2588,61876.76,76783.152
178,603578.SH,20200320,21.1,21.68,20.82,21.04,21.14,-0.1,-0.473,10251.5,21707.194
179,603589.SH,20200320,37.0,38.2,37.0,38.0,36.76,1.24,3.3732,65378.97,246638.591
180,603506.SH,20200319,18.0,18.35,17.6,18.1,18.03,0.07,0.3882,12040.44,21557.195
181,603530.SH,20200319,21.05,23.1,20.5,23.1,21.0,2.1,10.0,150716.54,334905.497
182,603536.SH,20200319,12.35,12.35,11.8,12.21,12.14,0.07,0.5766,46949.66,56535.984
183,603578.SH,20200319,20.56,21.18,20.29,21.14,20.5,0.64,3.122,13604.67,28263.19
184,603589.SH,20200319,37.01,37.64,34.8,36.76,37.38,-0.62,-1.6586,80595.68,290025.785
185,603506.SH,20200318,18.7,18.87,18.0,18.03,18.41,-0.38,-2.0641,10461.49,19241.738
186,603530.SH,20200318,20.19,21.89,19.9,21.0,19.98,1.02,5.1051,124868.35,262054.572
187,603536.SH,20200318,12.18,12.91,12.03,12.14,12.01,0.13,1.0824,66746.42,83114.015
188,603578.SH,20200318,20.55,20.73,20.2,20.5,20.35,0.15,0.7371,8681.17,17735.369
189,603589.SH,20200318,38.71,39.4,37.3,37.38,38.3,-0.92,-2.4021,51838.0,198468.356
190,603506.SH,20200317,18.64,18.98,18.0,18.41,18.72,-0.31,-1.656,12764.55,23493.426
191,603530.SH,20200317,19.17,20.27,18.0,19.98,18.96,1.02,5.3797,80634.18,157007.105
192,603536.SH,20200317,12.15,12.42,11.32,12.01,12.14,-0.13,-1.0708,54711.42,64969.417
193,603578.SH,20200317,20.19,20.42,19.27,20.35,20.35,0.0,0.0,8240.84,16422.942
194,603589.SH,20200317,38.98,39.99,37.2,38.3,39.31,-1.01,-2.5693,52583.41,201856.239
195,603506.SH,20200316,19.38,19.77,18.46,18.72,19.11,-0.39,-2.0408,14580.5,28033.783
196,603530.SH,20200316,20.9,21.28,18.95,18.96,20.93,-1.97,-9.4123,79450.07,159513.11
197,603536.SH,20200316,12.9,13.1,12.01,12.14,12.69,-0.55,-4.3341,64164.85,81442.366
198,603578.SH,20200316,21.12,21.15,20.29,20.35,20.99,-0.64,-3.0491,9750.0,20202.638
199,603589.SH,20200316,41.69,41.69,39.0,39.31,41.4,-2.09,-5.0483,62125.4,249871.659
200,603506.SH,20200313,19.0,19.27,18.38,19.11,19.53,-0.42,-2.1505,17918.75,33750.789
201,603530.SH,20200313,18.6,21.27,18.6,20.93,20.15,0.78,3.871,93936.24,190344.627
202,603536.SH,20200313,12.66,12.91,12.23,12.69,13.23,-0.54,-4.0816,72056.4,90087.712
203,603578.SH,20200313,21.2,21.48,20.99,20.99,22.02,-1.03,-4.6776,16695.48,35356.654
204,603589.SH,20200313,40.7,42.1,39.75,41.4,42.68,-1.28,-2.9991,60999.66,249798.182
205,603506.SH,20200312,19.86,20.12,19.36,19.53,20.19,-0.66,-3.2689,14647.58,28811.538
206,603530.SH,20200312,20.6,21.38,20.01,20.15,21.68,-1.53,-7.0572,77712.86,159885.677
207,603536.SH,20200312,13.28,13.76,12.85,13.23,13.54,-0.31,-2.2895,53872.37,71616.984
208,603578.SH,20200312,21.9,22.27,21.72,22.02,21.96,0.06,0.2732,9548.92,21026.066
209,603589.SH,20200312,43.13,43.32,42.39,42.68,43.65,-0.97,-2.2222,56022.95,239497.726
210,603506.SH,20200311,20.54,20.88,20.02,20.19,20.6,-0.41,-1.9903,12763.1,26176.754
211,603530.SH,20200311,22.6,23.49,21.68,21.68,22.98,-1.3,-5.6571,121058.37,273428.97
212,603536.SH,20200311,13.77,14.2,13.53,13.54,13.72,-0.18,-1.312,64618.37,89507.003
213,603578.SH,20200311,22.59,22.59,21.9,21.96,22.41,-0.45,-2.008,9753.96,21644.462
214,603589.SH,20200311,44.21,44.66,43.63,43.65,44.07,-0.42,-0.953,54092.72,238819.06
215,603506.SH,20200310,20.03,20.72,19.65,20.6,20.4,0.2,0.9804,15388.09,31146.28
216,603530.SH,20200310,21.51,23.37,20.03,22.98,22.15,0.83,3.7472,155235.41,340588.174
217,603536.SH,20200310,13.31,13.76,12.82,13.72,13.58,0.14,1.0309,70839.49,94501.305
218,603578.SH,20200310,21.82,22.44,21.7,22.41,22.4,0.01,0.0446,11109.04,24483.648
219,603589.SH,20200310,42.5,44.42,42.5,44.07,43.48,0.59,1.3569,65942.4,288300.465
220,603506.SH,20200309,21.35,21.35,20.26,20.4,21.35,-0.95,-4.4496,16199.19,33405.416
221,603530.SH,20200309,19.53,22.5,19.53,22.15,21.14,1.01,4.7777,155206.97,328834.104
222,603536.SH,20200309,14.73,14.73,13.5,13.58,14.72,-1.14,-7.7446,97978.63,137458.568
223,603578.SH,20200309,22.49,22.89,22.2,22.4,22.59,-0.19,-0.8411,17310.63,38973.134
224,603589.SH,20200309,44.99,45.0,43.4,43.48,45.52,-2.04,-4.4815,66927.1,294179.353
225,603506.SH,20200306,21.45,21.79,21.08,21.35,21.8,-0.45,-2.0642,15747.57,33621.585
226,603530.SH,20200306,22.07,23.28,20.74,21.14,21.67,-0.53,-2.4458,195394.91,435742.735
227,603536.SH,20200306,15.08,15.37,14.71,14.72,15.26,-0.54,-3.5387,90811.56,135542.734
228,603578.SH,20200306,21.8,22.74,21.61,22.59,21.85,0.74,3.3867,22063.3,49230.838
229,603589.SH,20200306,45.84,46.82,45.42,45.52,46.49,-0.97,-2.0865,72351.76,331423.98
230,603506.SH,20200305,21.28,21.81,21.07,21.8,21.33,0.47,2.2035,29100.77,62673.214
231,603530.SH,20200305,20.05,21.67,19.8,21.67,19.7,1.97,10.0,143726.13,303053.956
232,603536.SH,20200305,14.62,15.83,14.4,15.26,14.6,0.66,4.5205,137207.2,207640.374
233,603578.SH,20200305,22.06,22.2,21.7,21.85,21.96,-0.11,-0.5009,13257.82,28969.66
234,603589.SH,20200305,44.7,46.86,44.6,46.49,44.51,1.98,4.4484,112121.06,515084.981
235,603506.SH,20200304,20.46,21.5,20.41,21.33,20.51,0.82,3.998,27177.73,57290.452
236,603530.SH,20200304,19.0,20.36,18.88,19.7,19.11,0.59,3.0874,69977.4,137350.414
237,603536.SH,20200304,14.45,14.84,14.14,14.6,15.01,-0.41,-2.7315,84492.53,122632.992
238,603578.SH,20200304,22.06,22.09,21.56,21.96,22.0,-0.04,-0.1818,13825.83,30063.697
239,603589.SH,20200304,44.45,44.75,43.86,44.51,44.85,-0.34,-0.7581,60831.26,268758.297
240,603506.SH,20200303,20.77,20.94,20.27,20.51,20.31,0.2,0.9847,14064.88,28989.153
241,603530.SH,20200303,19.17,19.57,18.8,19.11,18.9,0.21,1.1111,49192.0,94671.595
242,603536.SH,20200303,15.25,15.55,14.91,15.01,15.33,-0.32,-2.0874,103615.98,158161.282
243,603578.SH,20200303,22.25,22.56,21.9,22.0,22.38,-0.38,-1.6979,21080.54,46863.139
244,603589.SH,20200303,45.35,45.96,44.38,44.85,45.16,-0.31,-0.6864,62624.72,282623.838
245,603506.SH,20200302,19.56,20.48,19.56,20.31,19.65,0.66,3.3588,12569.37,25451.688
246,603530.SH,20200302,17.69,18.95,17.69,18.9,17.65,1.25,7.0822,51950.45,95784.772
247,603536.SH,20200302,14.82,15.48,14.32,15.33,14.82,0.51,3.4413,103447.92,155774.025
248,603578.SH,20200302,21.83,22.5,21.73,22.38,21.77,0.61,2.802,17302.39,38367.272
249,603589.SH,20200302,44.16,45.6,44.01,45.16,44.77,0.39,0.8711,72725.95,326590.406
250,603506.SH,20200228,20.05,20.8,19.6,19.65,20.93,-1.28,-6.1156,18331.96,36719.462
251,603530.SH,20200228,18.8,18.83,17.65,17.65,19.61,-1.96,-9.9949,71026.04,129255.565
252,603536.SH,20200228,15.5,16.14,14.82,14.82,16.47,-1.65,-10.0182,132859.11,204858.272
253,603578.SH,20200228,21.7,22.93,21.5,21.77,22.26,-0.49,-2.2013,28657.12,63840.297
254,603589.SH,20200228,44.5,45.26,43.4,44.77,46.27,-1.5,-3.2418,57306.99,253923.593
255,603506.SH,20200227,20.75,21.38,20.35,20.93,20.9,0.03,0.1435,16021.02,33449.052
256,603530.SH,20200227,19.1,20.32,19.1,19.61,19.1,0.51,2.6702,77238.19,152790.123
257,603536.SH,20200227,15.36,16.95,15.0,16.47,15.55,0.92,5.9164,192685.7,311437.793
258,603578.SH,20200227,21.98,22.65,21.97,22.26,21.7,0.56,2.5806,20377.94,45654.942
259,603589.SH,20200227,46.37,47.18,45.95,46.27,46.29,-0.02,-0.0432,33370.89,155320.476
260,603506.SH,20200226,20.3,21.9,20.3,20.9,20.6,0.3,1.4563,29979.15,63580.102
261,603530.SH,20200226,18.92,19.77,18.68,19.1,19.16,-0.06,-0.3132,48545.0,93757.958
262,603536.SH,20200226,14.79,15.77,14.45,15.55,15.1,0.45,2.9801,152756.84,233186.538
263,603578.SH,20200226,22.2,22.45,21.64,21.7,22.6,-0.9,-3.9823,15883.13,34908.763
264,603589.SH,20200226,45.16,46.92,44.9,46.29,45.7,0.59,1.291,69725.89,323176.403
265,603506.SH,20200225,20.59,20.94,20.1,20.6,20.88,-0.28,-1.341,16056.69,32924.748
266,603530.SH,20200225,18.8,19.3,18.3,19.16,19.29,-0.13,-0.6739,45677.36,86641.687
267,603536.SH,20200225,15.43,15.43,14.42,15.1,16.02,-0.92,-5.7428,175048.6,261602.158
268,603578.SH,20200225,23.16,23.16,21.52,22.6,23.8,-1.2,-5.042,36099.04,81537.589
269,603589.SH,20200225,45.95,46.46,44.8,45.7,47.02,-1.32,-2.8073,69474.96,317093.069
270,603506.SH,20200224,21.18,21.18,20.46,20.88,21.1,-0.22,-1.0427,21412.21,44492.587
271,603530.SH,20200224,19.1,19.58,18.68,19.29,19.14,0.15,0.7837,54287.45,103591.042
272,603536.SH,20200224,16.35,16.65,15.98,16.02,16.92,-0.9,-5.3191,169273.32,274638.626
273,603578.SH,20200224,22.77,24.0,22.33,23.8,22.75,1.05,4.6154,67335.6,157525.982
274,603589.SH,20200224,47.58,47.94,46.51,47.02,48.0,-0.98,-2.0417,75520.62,354755.308
275,603506.SH,20200221,21.29,21.45,20.72,21.1,21.25,-0.15,-0.7059,19121.44,40343.738
276,603530.SH,20200221,19.3,19.34,18.97,19.14,19.36,-0.22,-1.1364,46091.48,88213.399
277,603536.SH,20200221,16.83,17.7,15.6,16.92,16.45,0.47,2.8571,306298.74,505450.583
278,603578.SH,20200221,22.65,22.94,22.28,22.75,22.65,0.1,0.4415,12681.5,28541.344
279,603589.SH,20200221,48.03,48.85,47.62,48.0,48.36,-0.36,-0.7444,65633.71,315907.249
280,603506.SH,20200220,21.32,21.47,21.02,21.25,21.47,-0.22,-1.0247,16501.14,35065.363
281,603530.SH,20200220,19.3,19.85,19.2,19.36,19.16,0.2,1.0438,54132.02,105216.845
282,603536.SH,20200220,15.25,16.45,15.08,16.45,14.95,1.5,10.0334,249075.51,399756.125
283,603578.SH,20200220,22.61,22.95,21.95,22.65,22.39,0.26,1.1612,18313.17,41224.356
284,603589.SH,20200220,46.07,48.38,46.07,48.36,46.09,2.27,4.9251,93951.26,445270.673
285,603506.SH,20200219,21.3,21.66,21.0,21.47,21.23,0.24,1.1305,27980.05,60038.081
286,603530.SH,20200219,19.0,19.48,18.82,19.16,18.99,0.17,0.8952,48813.54,93627.234
287,603536.SH,20200219,13.64,14.95,13.44,14.95,13.59,1.36,10.0074,205707.47,295633.052
288,603578.SH,20200219,22.59,23.06,22.39,22.39,22.92,-0.53,-2.3124,18874.49,42730.405
289,603589.SH,20200219,46.36,46.82,45.82,46.09,46.28,-0.19,-0.4105,46624.65,216175.126
290,603506.SH,20200218,20.86,21.78,20.66,21.23,20.86,0.37,1.7737,33719.88,71380.985
291,603530.SH,20200218,18.39,19.28,18.31,18.99,18.42,0.57,3.0945,51319.78,96783.664
292,603536.SH,20200218,13.3,13.74,13.03,13.59,13.14,0.45,3.4247,118601.4,158754.835
293,603578.SH,20200218,23.16,23.39,22.5,22.92,23.3,-0.38,-1.6309,19697.5,45010.134
294,603589.SH,20200218,46.88,46.88,45.81,46.28,46.35,-0.07,-0.151,47526.84,219579.374
295,603506.SH,20200217,20.26,21.2,20.02,20.86,20.23,0.63,3.1142,28777.4,59676.355
296,603530.SH,20200217,17.99,18.58,17.98,18.42,17.96,0.46,2.5612,40775.28,74718.314
297,603536.SH,20200217,12.96,13.16,12.91,13.14,12.86,0.28,2.1773,62528.96,81674.805
298,603578.SH,20200217,22.35,23.44,22.35,23.3,22.52,0.78,3.4636,30726.78,70774.904
299,603589.SH,20200217,45.22,46.36,45.22,46.35,45.2,1.15,2.5442,54490.42,250112.957
300,603506.SH,20200214,19.44,20.97,19.44,20.23,19.5,0.73,3.7436,26230.8,53146.167
301,603530.SH,20200214,17.83,18.1,17.6,17.96,17.89,0.07,0.3913,25362.74,45396.446
302,603536.SH,20200214,13.14,13.27,12.72,12.86,13.11,-0.25,-1.9069,76291.56,98876.823
303,603578.SH,20200214,22.3,22.79,22.18,22.52,22.49,0.03,0.1334,11709.8,26331.406
304,603589.SH,20200214,45.19,45.64,44.6,45.2,45.28,-0.08,-0.1767,31918.86,143954.426
305,603506.SH,20200213,19.47,20.0,19.25,19.5,19.55,-0.05,-0.2558,14523.89,28516.424
306,603530.SH,20200213,18.05,18.34,17.8,17.89,18.17,-0.28,-1.541,34210.98,61496.288
307,603536.SH,20200213,13.5,13.58,13.08,13.11,13.4,-0.29,-2.1642,83130.07,110385.535
308,603578.SH,20200213,22.71,22.88,22.05,22.49,22.9,-0.41,-1.7904,20228.0,45332.159
309,603589.SH,20200213,45.98,46.9,45.2,45.28,46.17,-0.89,-1.9277,52036.58,238729.738
310,603506.SH,20200212,19.27,19.58,19.18,19.55,19.47,0.08,0.4109,14078.65,27308.396
311,603530.SH,20200212,17.63,18.5,17.61,18.17,17.68,0.49,2.7715,47907.5,87372.676
312,603536.SH,20200212,13.09,13.61,13.09,13.4,13.28,0.12,0.9036,85048.34,113973.828
313,603578.SH,20200212,23.23,23.26,22.01,22.9,23.46,-0.56,-2.387,32117.5,73420.722
314,603589.SH,20200212,45.85,46.32,45.44,46.17,45.87,0.3,0.654,56572.44,259639.925
315,603506.SH,20200211,19.43,19.75,19.37,19.47,19.2,0.27,1.4063,14241.66,27870.132
316,603530.SH,20200211,17.9,17.99,17.63,17.68,17.99,-0.31,-1.7232,27304.22,48523.034
317,603536.SH,20200211,13.88,14.2,13.21,13.28,13.97,-0.69,-4.9392,117996.9,160371.31
318,603578.SH,20200211,21.79,23.85,21.44,23.46,21.87,1.59,7.2702,55902.12,128526.813
319,603589.SH,20200211,45.03,46.94,45.03,45.87,44.99,0.88,1.956,81704.7,377470.5
320,603506.SH,20200210,19.27,19.38,18.91,19.2,19.1,0.1,0.5236,12437.11,23804.158
321,603530.SH,20200210,17.7,18.32,17.15,17.99,17.5,0.49,2.8,37313.69,66332.437
322,603536.SH,20200210,13.01,14.2,12.88,13.97,13.36,0.61,4.5659,166619.86,228000.64
323,603578.SH,20200210,20.7,21.91,20.7,21.87,20.81,1.06,5.0937,16678.12,35594.029
324,603589.SH,20200210,43.6,45.38,43.32,44.99,44.25,0.74,1.6723,88214.31,393457.276
325,603506.SH,20200207,18.38,19.5,18.26,19.1,18.48,0.62,3.355,20069.12,38088.965
326,603530.SH,20200207,17.99,18.37,17.4,17.5,18.12,-0.62,-3.4216,53567.11,94973.431
327,603536.SH,20200207,14.6,14.6,13.11,13.36,13.98,-0.62,-4.4349,198287.94,273895.991
328,603578.SH,20200207,20.58,20.89,20.58,20.81,20.91,-0.1,-0.4782,5121.0,10619.59
329,603589.SH,20200207,43.32,44.4,42.11,44.25,43.23,1.02,2.3595,140812.29,606475.068
330,603506.SH,20200206,18.05,18.64,18.05,18.48,18.29,0.19,1.0388,18926.34,34793.993
331,603530.SH,20200206,16.59,18.12,16.36,18.12,16.47,1.65,10.0182,57992.93,100153.992
332,603536.SH,20200206,12.83,13.98,12.53,13.98,12.71,1.27,9.9921,203210.34,273282.972
333,603578.SH,20200206,20.65,21.04,20.49,20.91,20.88,0.03,0.1437,7714.35,16030.942
334,603589.SH,20200206,43.3,43.64,42.84,43.23,43.7,-0.47,-1.0755,107874.2,464988.488
335,603506.SH,20200205,17.9,18.49,17.71,18.29,17.91,0.38,2.1217,19499.19,35438.454
336,603530.SH,20200205,16.33,16.9,16.07,16.47,16.05,0.42,2.6168,35493.0,58435.952
337,603536.SH,20200205,11.52,12.71,11.52,12.71,11.55,1.16,10.0433,149191.84,180618.502
338,603578.SH,20200205,20.54,21.12,20.32,20.88,20.91,-0.03,-0.1435,12106.12,25108.304
339,603589.SH,20200205,44.39,44.63,43.0,43.7,44.49,-0.79,-1.7757,112192.39,492371.748
340,603506.SH,20200204,17.15,18.1,17.15,17.91,17.64,0.27,1.5306,34932.34,61265.824
341,603530.SH,20200204,15.57,16.27,15.57,16.05,17.3,-1.25,-7.2254,49051.15,78183.844
342,603536.SH,20200204,11.0,11.66,11.0,11.55,11.16,0.39,3.4946,103446.02,118142.245
343,603578.SH,20200204,17.82,21.39,17.82,20.91,19.8,1.11,5.6061,20512.43,40857.388
344,603589.SH,20200204,42.51,46.85,42.51,44.49,45.9,-1.41,-3.0719,130056.95,569865.651
345,603506.SH,20200203,17.64,17.64,17.64,17.64,19.6,-1.96,-10.0,5371.0,9474.444
346,603530.SH,20200203,17.3,17.3,17.3,17.3,19.22,-1.92,-9.9896,2673.0,4624.29
347,603536.SH,20200203,11.16,11.36,11.16,11.16,12.4,-1.24,-10.0,56569.3,63436.908
348,603578.SH,20200203,19.8,19.8,19.8,19.8,22.0,-2.2,-10.0,1312.0,2597.76
349,603589.SH,20200203,45.9,45.9,45.9,45.9,51.0,-5.1,-10.0,14894.0,68363.46
350,603506.SH,20200123,20.7,20.7,19.36,19.6,20.82,-1.22,-5.8598,21867.95,43600.791
351,603530.SH,20200123,19.68,20.1,18.98,19.22,19.9,-0.68,-3.4171,22409.5,43646.75
352,603536.SH,20200123,13.0,13.11,12.06,12.4,12.99,-0.59,-4.542,89008.58,111641.806
353,603578.SH,20200123,22.12,22.2,20.0,22.0,22.0,0.0,0.0,10217.0,22047.515
354,603589.SH,20200123,53.2,53.4,50.43,51.0,53.74,-2.74,-5.0986,59786.13,308573.097
355,603506.SH,20200122,20.71,21.0,20.24,20.82,20.68,0.14,0.677,15545.03,31933.026
356,603530.SH,20200122,19.93,20.21,19.48,19.9,19.94,-0.04,-0.2006,20542.0,40717.238
357,603536.SH,20200122,13.59,13.6,12.96,12.99,13.42,-0.43,-3.2042,84490.19,111115.994
358,603578.SH,20200122,21.98,22.3,21.73,22.0,22.18,-0.18,-0.8115,9112.95,20081.335
359,603589.SH,20200122,54.11,54.4,53.06,53.74,54.57,-0.83,-1.521,49011.63,263203.482
360,603506.SH,20200121,21.37,21.4,20.66,20.68,21.47,-0.79,-3.6796,19286.22,40337.049
361,603530.SH,20200121,20.5,20.5,19.94,19.94,20.44,-0.5,-2.4462,22354.5,44883.726
362,603536.SH,20200121,14.01,14.02,13.32,13.42,13.93,-0.51,-3.6612,103576.03,140479.695
363,603578.SH,20200121,22.72,22.72,21.85,22.18,22.69,-0.51,-2.2477,16211.03,35931.014
364,603589.SH,20200121,57.0,57.0,53.95,54.57,57.19,-2.62,-4.5812,70961.18,389015.764
365,603506.SH,20200120,22.22,22.22,21.06,21.47,22.12,-0.65,-2.9385,23029.55,49534.807
366,603530.SH,20200120,20.3,20.49,20.1,20.44,20.3,0.14,0.6897,17522.81,35565.459
367,603536.SH,20200120,14.45,14.55,13.82,13.93,14.67,-0.74,-5.0443,101384.75,142544.632
368,603578.SH,20200120,22.5,23.01,21.9,22.69,22.7,-0.01,-0.0441,26694.67,60236.516
369,603589.SH,20200120,58.97,58.97,56.83,57.19,58.64,-1.45,-2.4727,45274.02,259376.477
370,603506.SH,20200117,22.29,22.29,21.89,22.12,22.33,-0.21,-0.9404,18285.95,40447.715
371,603530.SH,20200117,20.7,20.9,20.3,20.3,20.68,-0.38,-1.8375,24472.24,50297.863
372,603536.SH,20200117,14.55,14.88,14.32,14.67,14.56,0.11,0.7555,98659.48,144392.453
373,603578.SH,20200117,23.45,23.59,22.6,22.7,23.6,-0.9,-3.8136,22629.8,52183.97
374,603589.SH,20200117,58.53,59.1,58.1,58.64,58.64,0.0,0.0,34745.06,203727.038
375,603506.SH,20200116,21.58,22.58,21.45,22.33,21.63,0.7,3.2362,38560.49,85508.936
376,603530.SH,20200116,20.98,21.17,20.65,20.68,21.14,-0.46,-2.176,28504.43,59530.502
377,603536.SH,20200116,14.7,14.85,14.48,14.56,14.74,-0.18,-1.2212,85487.57,124879.435
378,603578.SH,20200116,23.05,23.79,22.65,23.6,23.03,0.57,2.475,38688.44,90102.519
379,603589.SH,20200116,58.61,58.83,57.67,58.64,58.6,0.04,0.0683,25438.29,148387.224
380,603506.SH,20200115,21.17,21.68,21.03,21.63,21.17,0.46,2.1729,26325.27,56489.93
381,603530.SH,20200115,21.3,21.32,20.86,21.14,21.22,-0.08,-0.377,23796.5,50163.524
382,603536.SH,20200115,15.08,15.09,14.52,14.74,15.22,-0.48,-3.1537,127921.57,188819.837
383,603578.SH,20200115,22.81,23.27,21.6,23.03,22.91,0.12,0.5238,41176.13,92678.055
384,603589.SH,20200115,58.32,60.78,58.0,58.6,58.39,0.21,0.3597,45691.7,270003.748
385,603506.SH,20200114,21.25,21.3,20.9,21.17,21.17,0.0,0.0,19700.22,41524.654
386,603530.SH,20200114,21.18,21.43,20.95,21.22,21.18,0.04,0.1889,30264.74,64045.899
387,603536.SH,20200114,15.26,15.55,15.05,15.22,15.23,-0.01,-0.0657,136192.23,207823.301
388,603578.SH,20200114,22.29,23.03,22.21,22.91,22.45,0.46,2.049,33284.7,75873.694
389,603589.SH,20200114,59.79,59.9,58.03,58.39,59.6,-1.21,-2.0302,51518.95,303125.132
390,603506.SH,20200113,20.75,21.22,20.57,21.17,20.79,0.38,1.8278,18886.17,39521.275
391,603530.SH,20200113,20.99,21.18,20.48,21.18,21.04,0.14,0.6654,28193.3,58795.868
392,603536.SH,20200113,15.8,15.88,15.15,15.23,16.45,-1.22,-7.4164,211610.83,325635.525
393,603578.SH,20200113,21.19,22.47,21.02,22.45,21.54,0.91,4.2247,32366.0,71200.351
394,603589.SH,20200113,56.8,60.01,56.64,59.6,56.91,2.69,4.7268,87521.39,517744.343
395,603506.SH,20200110,20.57,21.18,20.44,20.79,20.51,0.28,1.3652,25752.05,53798.042
396,603530.SH,20200110,21.55,21.62,20.87,21.04,21.4,-0.36,-1.6822,28880.0,61010.974
397,603536.SH,20200110,16.09,17.79,16.09,16.45,17.88,-1.43,-7.9978,338090.28,555169.478
398,603578.SH,20200110,21.02,22.44,20.92,21.54,20.98,0.56,2.6692,36366.61,79159.171
399,603589.SH,20200110,55.09,57.54,55.09,56.91,55.0,1.91,3.4727,85835.31,484686.922
400,603506.SH,20200109,20.46,20.55,20.3,20.51,20.25,0.26,1.284,16673.53,34080.426
401,603530.SH,20200109,21.1,21.49,21.1,21.4,21.08,0.32,1.518,29201.24,62242.484
402,603536.SH,20200109,14.63,17.88,14.63,17.88,16.25,1.63,10.0308,378074.66,583343.87
403,603578.SH,20200109,20.7,21.08,20.7,20.98,20.69,0.29,1.4016,6761.48,14182.391
404,603589.SH,20200109,53.5,55.05,53.5,55.0,53.4,1.6,2.9963,60821.33,333275.344
405,603506.SH,20200108,21.1,21.12,20.25,20.25,21.24,-0.99,-4.661,30062.48,62067.289
406,603530.SH,20200108,21.9,21.9,21.01,21.08,21.88,-0.8,-3.6563,52610.91,112441.839
407,603536.SH,20200108,16.25,16.25,16.25,16.25,18.06,-1.81,-10.0221,7029.0,11422.125
408,603578.SH,20200108,20.81,20.97,20.51,20.69,20.94,-0.25,-1.1939,6338.3,13172.307
409,603589.SH,20200108,53.99,54.06,53.39,53.4,54.15,-0.75,-1.385,20766.24,111421.282
410,603506.SH,20200107,21.02,21.3,20.79,21.24,21.03,0.21,0.9986,28597.64,60058.369
411,603530.SH,20200107,20.98,22.08,20.9,21.88,20.91,0.97,4.6389,73878.84,160643.246
412,603536.SH,20200107,18.06,18.06,18.06,18.06,20.07,-2.01,-10.0149,11692.0,21115.752
413,603578.SH,20200107,20.94,21.25,20.63,20.94,20.86,0.08,0.3835,10068.43,21081.99
414,603589.SH,20200107,52.63,54.3,52.51,54.15,52.63,1.52,2.8881,47274.16,252807.451
415,603506.SH,20200106,20.98,21.17,20.8,21.03,21.23,-0.2,-0.9421,18996.88,39851.664
416,603530.SH,20200106,20.49,21.28,20.31,20.91,20.85,0.06,0.2878,40849.06,85120.631
417,603536.SH,20200106,20.07,20.07,20.07,20.07,22.3,-2.23,-10.0,4662.0,9356.634
418,603578.SH,20200106,20.45,21.02,20.27,20.86,20.54,0.32,1.5579,12618.0,26075.088
419,603589.SH,20200106,53.55,53.99,52.4,52.63,53.6,-0.97,-1.8097,40059.12,211371.098
420,603506.SH,20200103,21.32,21.43,20.85,21.23,21.35,-0.12,-0.5621,22122.29,46663.453
421,603530.SH,20200103,21.04,21.25,20.7,20.85,20.88,-0.03,-0.1437,37437.61,78311.175
422,603536.SH,20200103,24.98,25.1,22.3,22.3,24.78,-2.48,-10.0081,142053.14,344918.003
423,603578.SH,20200103,20.26,20.7,20.2,20.54,20.26,0.28,1.382,9374.5,19200.848
424,603589.SH,20200103,54.64,54.8,53.37,53.6,54.95,-1.35,-2.4568,41797.77,225271.925
425,603506.SH,20200102,21.38,21.66,21.25,21.35,21.26,0.09,0.4233,21685.15,46500.853
426,603530.SH,20200102,20.38,21.0,20.23,20.88,20.23,0.65,3.213,38964.89,80391.584
427,603536.SH,20200102,23.62,25.0,23.61,24.78,23.61,1.17,4.9555,149569.56,366439.629
428,603578.SH,20200102,20.18,20.3,20.05,20.26,20.02,0.24,1.1988,6706.98,13539.672
429,603589.SH,20200102,54.82,55.4,54.55,54.95,54.91,0.04,0.0728,51537.09,283357.018
430,603506.SH,20191231,20.9,21.26,20.85,21.26,20.93,0.33,1.5767,13271.56,27975.762
431,603530.SH,20191231,20.56,20.72,20.15,20.23,20.59,-0.36,-1.7484,38281.67,77835.349
432,603536.SH,20191231,22.46,23.61,22.3,23.61,22.46,1.15,5.1202,133573.97,307277.945
433,603578.SH,20191231,20.29,20.29,19.96,20.02,20.24,-0.22,-1.087,3325.0,6667.501
434,603589.SH,20191231,55.48,55.48,54.36,54.91,55.1,-0.19,-0.3448,48382.25,265796.883
435,603506.SH,20191230,21.1,21.1,20.61,20.93,21.12,-0.19,-0.8996,18056.54,37631.207
436,603530.SH,20191230,21.43,21.43,19.46,20.59,21.62,-1.03,-4.7641,48711.42,99574.317
437,603536.SH,20191230,22.29,22.64,22.1,22.46,22.18,0.28,1.2624,95496.86,214315.346
438,603578.SH,20191230,19.89,20.3,19.8,20.24,20.15,0.09,0.4467,5035.83,10112.697
439,603589.SH,20191230,53.45,56.05,53.0,55.1,52.91,2.19,4.1391,73700.39,404290.181
440,603506.SH,20191227,21.33,21.6,20.92,21.12,21.65,-0.53,-2.448,23583.64,49880.2
441,603530.SH,20191227,21.35,22.77,21.3,21.62,21.31,0.31,1.4547,72655.23,160441.559
442,603536.SH,20191227,21.39,22.26,21.0,22.18,21.06,1.12,5.3181,116640.2,252732.047
443,603578.SH,20191227,20.32,20.4,20.0,20.15,20.28,-0.13,-0.641,5096.44,10301.476
444,603589.SH,20191227,51.68,53.12,51.6,52.91,51.53,1.38,2.6781,38966.39,205284.279
445,603506.SH,20191226,21.5,22.18,21.4,21.65,21.42,0.23,1.0738,28689.75,62374.359
446,603530.SH,20191226,20.89,21.35,20.7,21.31,21.04,0.27,1.2833,36807.67,78077.047
447,603536.SH,20191226,19.85,21.11,19.85,21.06,19.83,1.23,6.2027,74732.6,153485.067
448,603578.SH,20191226,20.16,20.3,20.0,20.28,20.15,0.13,0.6452,3619.9,7309.419
449,603589.SH,20191226,51.6,51.76,51.2,51.53,51.17,0.36,0.7035,16158.8,83100.363
450,603506.SH,20191225,21.1,21.5,20.9,21.42,21.06,0.36,1.7094,18652.95,39627.445
451,603530.SH,20191225,20.99,21.17,20.6,21.04,21.01,0.03,0.1428,34087.72,71277.067
452,603536.SH,20191225,19.18,19.87,19.07,19.83,19.16,0.67,3.4969,71221.26,138156.303
453,603578.SH,20191225,20.29,20.47,20.01,20.15,20.3,-0.15,-0.7389,7461.61,15084.276
454,603589.SH,20191225,52.07,52.2,50.89,51.17,52.06,-0.89,-1.7096,23156.13,118767.858
455,603506.SH,20191224,21.36,21.42,20.77,21.06,21.21,-0.15,-0.7072,19916.78,41715.333
456,603530.SH,20191224,21.08,21.26,20.82,21.01,20.89,0.12,0.5744,30820.63,64814.818
457,603536.SH,20191224,18.18,19.48,18.17,19.16,18.02,1.14,6.3263,74509.26,139695.227
458,603578.SH,20191224,19.92,20.31,19.86,20.3,19.84,0.46,2.3185,7506.0,15158.304
459,603589.SH,20191224,51.75,52.4,51.7,52.06,51.7,0.36,0.6963,11758.13,61269.912
460,603506.SH,20191223,21.33,21.58,21.11,21.21,21.3,-0.09,-0.4225,14751.62,31440.651
461,603530.SH,20191223,22.21,22.31,20.58,20.89,22.51,-1.62,-7.1968,67372.65,143919.988
462,603536.SH,20191223,17.05,18.03,16.7,18.02,17.02,1.0,5.8754,84279.8,147270.575
463,603578.SH,20191223,20.29,20.66,19.73,19.84,20.42,-0.58,-2.8404,10935.47,22056.33
464,603589.SH,20191223,50.36,52.12,50.08,51.7,51.86,-0.16,-0.3085,23832.75,122965.473
465,603506.SH,20191220,21.69,21.8,21.3,21.3,21.7,-0.4,-1.8433,18308.44,39433.625
466,603530.SH,20191220,23.37,23.5,22.4,22.51,23.5,-0.99,-4.2128,62793.55,144136.388
467,603536.SH,20191220,16.16,17.05,16.16,17.02,16.16,0.86,5.3218,69958.69,116474.39
468,603578.SH,20191220,21.29,21.33,20.41,20.42,21.12,-0.7,-3.3144,12637.49,26239.253
469,603589.SH,20191220,53.1,53.1,51.68,51.86,53.17,-1.31,-2.4638,36563.34,190955.277
470,603506.SH,20191219,22.2,22.32,21.16,21.7,22.02,-0.32,-1.4532,36520.25,78860.95
471,603530.SH,20191219,23.36,23.54,22.88,23.5,23.26,0.24,1.0318,70627.97,164197.089
472,603536.SH,20191219,16.03,16.5,15.85,16.16,16.08,0.08,0.4975,67937.46,109981.771
473,603578.SH,20191219,20.05,21.49,19.9,21.12,20.12,1.0,4.9702,19993.13,41628.073
474,603589.SH,20191219,54.34,54.34,52.8,53.17,54.36,-1.19,-2.1891,36349.57,194073.8
475,603506.SH,20191218,22.23,22.27,21.84,22.02,22.37,-0.35,-1.5646,22798.48,50297.902
476,603530.SH,20191218,23.35,23.77,23.2,23.26,23.49,-0.23,-0.9791,72255.32,169047.636
477,603536.SH,20191218,15.75,16.2,14.29,16.08,15.88,0.2,1.2594,59893.77,95741.681
478,603578.SH,20191218,19.55,20.36,19.44,20.12,19.53,0.59,3.021,14076.98,28203.313
479,603589.SH,20191218,54.2,54.98,53.87,54.36,54.12,0.24,0.4435,27870.94,151547.08
480,603506.SH,20191217,22.18,22.41,21.8,22.37,22.2,0.17,0.7658,30902.64,68489.925
481,603530.SH,20191217,23.84,23.87,23.19,23.49,23.9,-0.41,-1.7155,91848.09,215426.479
482,603536.SH,20191217,15.12,16.0,14.87,15.88,15.12,0.76,5.0265,76259.02,118689.908
483,603578.SH,20191217,19.42,19.64,19.31,19.53,19.4,0.13,0.6701,5566.98,10852.251
484,603589.SH,20191217,53.61,54.18,53.3,54.12,53.61,0.51,0.9513,24221.74,130419.996
485,603506.SH,20191216,22.5,22.58,21.77,22.2,22.72,-0.52,-2.2887,35837.84,79444.153
486,603530.SH,20191216,23.45,23.98,23.2,23.9,23.52,0.38,1.6156,99742.01,236205.834
487,603536.SH,20191216,14.32,15.26,14.14,15.12,14.14,0.98,6.9307,94634.28,140735.743
488,603578.SH,20191216,19.27,19.5,19.21,19.4,19.25,0.15,0.7792,5092.0,9877.137
489,603589.SH,20191216,53.78,53.83,53.11,53.61,53.78,-0.17,-0.3161,15650.43,83557.214
490,603506.SH,20191213,23.11,23.49,22.13,22.72,23.29,-0.57,-2.4474,41771.0,94780.261
491,603530.SH,20191213,23.45,23.8,22.8,23.52,23.58,-0.06,-0.2545,114089.06,265463.96
492,603536.SH,20191213,14.27,14.5,13.8,14.14,14.27,-0.13,-0.911,86024.4,122280.841
493,603578.SH,20191213,19.14,19.25,19.01,19.25,19.09,0.16,0.8381,3206.98,6153.347
494,603589.SH,20191213,53.3,54.13,53.3,53.78,53.17,0.61,1.1473,23332.5,125293.796
495,603506.SH,20191212,23.45,24.59,23.25,23.29,23.63,-0.34,-1.4388,35099.98,83721.01
496,603530.SH,20191212,24.6,25.5,23.3,23.58,23.98,-0.4,-1.6681,220598.94,539019.508
497,603536.SH,20191212,13.86,14.29,13.86,14.27,13.96,0.31,2.2206,36160.78,51089.981
498,603578.SH,20191212,19.17,19.22,19.02,19.09,19.21,-0.12,-0.6247,3250.0,6198.984
499,603589.SH,20191212,53.48,53.93,53.01,53.17,53.77,-0.6,-1.1159,15380.28,81882.799
500,603506.SH,20191211,23.31,23.85,23.18,23.63,23.46,0.17,0.7246,24488.55,57665.58
501,603530.SH,20191211,21.96,23.98,21.61,23.98,21.8,2.18,10.0,137599.38,318156.825
502,603536.SH,20191211,13.32,14.16,13.32,13.96,13.5,0.46,3.4074,90879.91,126433.434
503,603578.SH,20191211,19.22,19.57,19.09,19.21,19.2,0.01,0.0521,3616.0,6960.699
504,603589.SH,20191211,54.7,55.0,53.4,53.77,54.95,-1.18,-2.1474,25022.43,134960.649
505,603506.SH,20191210,23.4,23.5,22.91,23.46,23.6,-0.14,-0.5932,19595.67,45522.116
506,603530.SH,20191210,21.17,22.27,20.85,21.8,21.22,0.58,2.7333,95796.07,206519.039
507,603536.SH,20191210,12.76,13.61,12.7,13.5,12.76,0.74,5.7994,103865.92,136682.852
508,603578.SH,20191210,18.92,19.29,18.92,19.2,19.07,0.13,0.6817,4402.0,8438.802
509,603589.SH,20191210,54.8,55.0,54.35,54.95,54.65,0.3,0.5489,19345.79,105949.981
510,603506.SH,20191209,23.75,24.15,23.21,23.6,23.81,-0.21,-0.882,21365.55,50251.127
511,603530.SH,20191209,20.9,21.24,20.63,21.22,20.9,0.32,1.5311,60264.76,126428.212
512,603536.SH,20191209,12.6,13.85,12.53,12.76,12.6,0.16,1.2698,145984.66,187890.404
513,603578.SH,20191209,19.32,19.33,19.02,19.07,19.2,-0.13,-0.6771,7925.0,15155.2
514,603589.SH,20191209,54.27,55.26,54.06,54.65,54.1,0.55,1.0166,34752.4,190414.934
515,603506.SH,20191206,22.6,23.85,22.51,23.81,22.77,1.04,4.5674,31489.76,73678.789
516,603530.SH,20191206,21.01,21.44,20.71,20.9,21.47,-0.57,-2.6549,62746.65,131549.033
517,603536.SH,20191206,12.31,12.63,12.25,12.6,12.29,0.31,2.5224,57299.49,71700.213
518,603578.SH,20191206,18.96,19.27,18.87,19.2,18.99,0.21,1.1058,4125.18,7898.782
519,603589.SH,20191206,52.93,54.14,52.68,54.1,52.98,1.12,2.114,23227.15,124824.924
520,603506.SH,20191205,22.31,22.96,22.31,22.77,22.44,0.33,1.4706,19698.53,44635.681
521,603530.SH,20191205,20.88,21.6,20.0,21.47,21.16,0.31,1.465,87434.23,182153.255
522,603536.SH,20191205,12.01,12.34,11.9,12.29,12.1,0.19,1.5702,68664.13,83653.609
523,603578.SH,20191205,18.89,19.48,18.83,18.99,18.92,0.07,0.37,6127.0,11691.033
524,603589.SH,20191205,53.18,53.37,52.3,52.98,53.2,-0.22,-0.4135,22115.78,116611.234
525,603506.SH,20191204,22.55,22.85,22.2,22.44,22.79,-0.35,-1.5358,14351.64,32263.89
526,603530.SH,20191204,22.1,22.33,21.01,21.16,22.02,-0.86,-3.9055,91176.18,195638.504
527,603536.SH,20191204,11.4,12.34,11.19,12.1,11.22,0.88,7.8431,87928.72,104098.023
528,603578.SH,20191204,19.11,19.11,18.7,18.92,18.9,0.02,0.1058,1258.0,2375.491
529,603589.SH,20191204,53.99,54.44,52.99,53.2,53.42,-0.22,-0.4118,18973.6,101687.046
530,603506.SH,20191203,23.03,23.38,22.3,22.79,23.33,-0.54,-2.3146,22835.24,51760.868
531,603530.SH,20191203,21.9,22.31,21.75,22.02,22.32,-0.3,-1.3441,60350.37,133075.576
532,603536.SH,20191203,11.17,11.24,11.09,11.22,11.15,0.07,0.6278,42802.96,47818.501
533,603578.SH,20191203,18.86,18.9,18.66,18.9,18.77,0.13,0.6926,1249.0,2347.2
534,603589.SH,20191203,53.69,54.3,53.3,53.42,54.09,-0.67,-1.2387,14858.7,79620.127
535,603506.SH,20191202,22.38,23.65,22.07,23.33,22.38,0.95,4.2449,32629.76,75461.936
536,603530.SH,20191202,22.02,22.48,21.56,22.32,22.02,0.3,1.3624,79882.96,175730.414
537,603536.SH,20191202,10.93,11.29,10.93,11.15,10.92,0.23,2.1062,68217.91,76248.211
538,603578.SH,20191202,18.94,18.94,18.6,18.77,18.65,0.12,0.6434,1505.0,2819.773
539,603589.SH,20191202,53.71,54.84,53.26,54.09,53.85,0.24,0.4457,24390.51,132366.273
540,603506.SH,20191129,23.3,23.65,21.84,22.38,23.43,-1.05,-4.4814,30912.3,70189.794
541,603530.SH,20191129,21.38,22.34,21.27,22.02,21.69,0.33,1.5214,90170.34,198600.671
542,603536.SH,20191129,10.77,11.01,10.69,10.92,10.82,0.1,0.9242,33091.63,36143.249
543,603578.SH,20191129,18.68,18.79,18.46,18.65,18.75,-0.1,-0.5333,1425.8,2651.767
544,603589.SH,20191129,55.8,55.8,53.55,53.85,55.47,-1.62,-2.9205,26930.32,145979.962
545,603506.SH,20191128,23.29,23.79,23.26,23.43,23.7,-0.27,-1.1392,18039.62,42352.457
546,603530.SH,20191128,21.69,22.48,21.44,21.69,21.93,-0.24,-1.0944,81988.28,179802.151
547,603536.SH,20191128,10.45,10.87,10.44,10.82,10.47,0.35,3.3429,26618.17,28622.888
548,603578.SH,20191128,18.83,18.99,18.73,18.75,18.83,-0.08,-0.4249,1347.0,2529.02
549,603589.SH,20191128,54.57,56.36,54.25,55.47,54.57,0.9,1.6493,41651.0,232166.467
550,603506.SH,20191127,22.88,23.77,22.35,23.7,23.11,0.59,2.553,33671.25,77393.616
551,603530.SH,20191127,21.16,22.19,20.81,21.93,21.51,0.42,1.9526,90940.92,196623.324
552,603536.SH,20191127,10.68,10.72,10.4,10.47,10.67,-0.2,-1.8744,18625.0,19593.911
553,603578.SH,20191127,19.22,19.22,18.82,18.83,19.18,-0.35,-1.8248,2721.0,5168.653
554,603589.SH,20191127,54.5,54.63,53.81,54.57,54.0,0.57,1.0556,25534.12,138696.532
555,603506.SH,20191126,22.94,23.57,22.83,23.11,23.06,0.05,0.2168,25390.53,58855.649
556,603530.SH,20191126,21.49,21.98,21.02,21.51,21.49,0.02,0.0931,72315.65,154937.998
557,603536.SH,20191126,10.69,10.85,10.64,10.67,10.66,0.01,0.0938,11976.82,12825.084
558,603578.SH,20191126,19.25,19.27,19.04,19.18,19.22,-0.04,-0.2081,2028.0,3885.14
559,603589.SH,20191126,53.65,54.88,53.33,54.0,53.75,0.25,0.4651,51820.33,281438.084
560,603506.SH,20191125,22.79,23.6,21.68,23.06,23.02,0.04,0.1738,44521.76,101531.247
561,603530.SH,20191125,22.56,22.6,20.8,21.49,22.81,-1.32,-5.7869,90932.56,195203.86
562,603536.SH,20191125,10.87,10.87,10.5,10.66,10.8,-0.14,-1.2963,18695.06,19883.817
563,603578.SH,20191125,18.99,19.23,18.74,19.22,18.8,0.42,2.234,4598.0,8737.647
564,603589.SH,20191125,53.27,53.8,50.9,53.75,53.43,0.32,0.5989,52334.4,273786.856
565,603506.SH,20191122,24.58,24.63,22.82,23.02,24.34,-1.32,-5.4232,49948.05,118045.883
566,603530.SH,20191122,23.48,24.3,22.3,22.81,23.32,-0.51,-2.187,117149.14,272657.958
567,603536.SH,20191122,11.15,11.19,10.67,10.8,10.85,-0.05,-0.4608,19243.6,20830.533
568,603578.SH,20191122,18.89,19.09,18.63,18.8,18.82,-0.02,-0.1063,1804.14,3408.897
569,603589.SH,20191122,54.0,54.3,52.8,53.43,53.7,-0.27,-0.5028,32729.09,175660.027
570,603506.SH,20191121,22.69,24.34,22.22,24.34,22.4,1.94,8.6607,45563.99,107047.596
571,603530.SH,20191121,22.79,23.99,22.79,23.32,24.27,-0.95,-3.9143,138596.26,322870.758
572,603536.SH,20191121,10.93,11.02,10.81,10.85,10.92,-0.07,-0.641,47312.46,51560.404
573,603578.SH,20191121,18.83,18.93,18.73,18.82,18.88,-0.06,-0.3178,1692.0,3185.035
574,603589.SH,20191121,54.45,54.65,53.4,53.7,54.72,-1.02,-1.864,29117.44,156517.013
575,603506.SH,20191120,22.66,22.66,22.03,22.4,22.37,0.03,0.1341,19582.47,43594.199
576,603530.SH,20191120,25.99,27.3,24.1,24.27,25.06,-0.79,-3.1524,252908.31,645646.497
577,603536.SH,20191120,10.75,11.08,10.64,10.92,10.81,0.11,1.0176,23483.46,25679.198
578,603578.SH,20191120,19.02,19.18,18.85,18.88,19.06,-0.18,-0.9444,1991.0,3771.658
579,603589.SH,20191120,53.8,55.5,53.3,54.72,53.68,1.04,1.9374,45467.91,248262.195
580,603506.SH,20191119,21.68,22.73,21.66,22.37,21.86,0.51,2.333,31709.17,70419.521
581,603530.SH,20191119,22.06,25.06,22.06,25.06,22.78,2.28,10.0088,159753.13,382244.453
582,603536.SH,20191119,10.58,10.95,10.48,10.81,10.5,0.31,2.9524,20493.2,22017.111
583,603578.SH,20191119,18.73,19.08,18.59,19.06,18.75,0.31,1.6533,3167.0,5998.036
584,603589.SH,20191119,54.01,54.01,53.25,53.68,53.57,0.11,0.2053,42023.84,225484.609
585,603506.SH,20191118,20.63,21.87,20.35,21.86,20.68,1.18,5.706,35042.87,74829.832
586,603530.SH,20191118,20.62,23.38,19.55,22.78,21.47,1.31,6.1015,190815.93,402085.109
587,603536.SH,20191118,10.46,10.58,10.33,10.5,10.5,0.0,0.0,19979.46,20914.013
588,603578.SH,20191118,18.3,18.78,18.22,18.75,18.33,0.42,2.2913,3185.8,5934.32
589,603589.SH,20191118,54.45,54.45,52.61,53.57,54.29,-0.72,-1.3262,40456.3,216337.734
590,603506.SH,20191115,21.29,21.72,20.65,20.68,21.1,-0.42,-1.9905,24868.3,52131.301
591,603530.SH,20191115,24.0,24.38,21.47,21.47,23.86,-2.39,-10.0168,187125.3,425326.794
592,603536.SH,20191115,10.8,10.8,10.43,10.5,10.66,-0.16,-1.5009,20753.4,21985.131
593,603578.SH,20191115,18.65,18.7,18.33,18.33,18.65,-0.32,-1.7158,2731.0,5024.816
594,603589.SH,20191115,54.8,55.19,54.1,54.29,54.53,-0.24,-0.4401,36169.76,198001.176
595,603506.SH,20191114,20.8,21.4,20.55,21.1,20.76,0.34,1.6378,24537.96,51423.499
596,603530.SH,20191114,22.0,23.86,21.8,23.86,21.69,2.17,10.0046,182074.67,418724.002
597,603536.SH,20191114,10.15,11.02,10.0,10.66,10.04,0.62,6.1753,48428.66,51409.457
598,603578.SH,20191114,18.54,18.71,18.4,18.65,18.54,0.11,0.5933,1647.67,3060.291
599,603589.SH,20191114,54.7,55.15,54.2,54.53,54.62,-0.09,-0.1648,41276.32,225381.344
600,603506.SH,20191113,20.53,20.93,20.21,20.76,20.49,0.27,1.3177,23263.49,47916.745
601,603530.SH,20191113,20.61,21.69,20.6,21.69,19.72,1.97,9.9899,116048.84,246791.291
602,603536.SH,20191113,10.08,10.15,10.0,10.04,10.02,0.02,0.1996,7671.0,7722.629
603,603578.SH,20191113,18.73,18.73,18.36,18.54,18.52,0.02,0.108,1744.0,3222.624
604,603589.SH,20191113,55.79,55.79,54.4,54.62,55.31,-0.69,-1.2475,38657.45,211943.01
605,603506.SH,20191112,20.22,21.1,20.11,20.49,20.11,0.38,1.8896,32491.7,66679.936
606,603530.SH,20191112,18.04,19.72,18.04,19.72,17.93,1.79,9.9833,35523.31,69070.683
607,603536.SH,20191112,10.08,10.11,9.97,10.02,10.08,-0.06,-0.5952,5866.0,5876.347
608,603578.SH,20191112,18.33,18.78,18.33,18.52,18.6,-0.08,-0.4301,2998.0,5547.476
609,603589.SH,20191112,56.3,56.3,54.21,55.31,55.92,-0.61,-1.0908,38849.46,214413.906
610,603506.SH,20191111,20.4,20.6,19.79,20.11,20.18,-0.07,-0.3469,29079.49,58696.438
611,603530.SH,20191111,18.7,18.93,17.86,17.93,19.25,-1.32,-6.8571,45921.43,84207.738
612,603536.SH,20191111,10.49,10.49,9.9,10.08,10.36,-0.28,-2.7027,14356.2,14464.535
613,603578.SH,20191111,18.81,19.1,18.32,18.6,18.97,-0.37,-1.9504,4985.09,9291.944
614,603589.SH,20191111,56.11,56.7,54.63,55.92,56.98,-1.06,-1.8603,54252.79,302754.41
615,603506.SH,20191108,20.3,20.57,20.07,20.18,20.43,-0.25,-1.2237,31912.23,64755.738
616,603530.SH,20191108,19.12,19.81,18.84,19.25,19.07,0.18,0.9439,60578.0,117536.326
617,603536.SH,20191108,10.44,10.58,10.27,10.36,10.5,-0.14,-1.3333,15930.2,16653.553
618,603578.SH,20191108,19.07,19.15,18.92,18.97,18.95,0.02,0.1055,3199.0,6088.454
619,603589.SH,20191108,54.5,57.36,54.5,56.98,54.13,2.85,5.2651,111886.07,632739.155
620,603506.SH,20191107,19.39,20.63,19.2,20.43,19.44,0.99,5.0926,50512.11,100972.972
621,603530.SH,20191107,19.17,19.18,18.7,19.07,19.27,-0.2,-1.0379,43460.18,82049.024
622,603536.SH,20191107,10.53,10.68,10.41,10.5,10.59,-0.09,-0.8499,13431.2,14184.53
623,603578.SH,20191107,18.85,19.16,18.73,18.95,18.9,0.05,0.2646,2870.0,5439.076
624,603589.SH,20191107,53.34,54.32,53.05,54.13,53.07,1.06,1.9974,66484.33,357482.571
625,603506.SH,20191106,18.7,19.69,18.66,19.44,18.7,0.74,3.9572,24456.71,46976.634
626,603530.SH,20191106,18.5,19.47,18.11,19.27,18.33,0.94,5.1282,75819.52,144604.797
627,603536.SH,20191106,10.7,10.7,10.51,10.59,10.61,-0.02,-0.1885,9487.0,10057.47
628,603578.SH,20191106,19.28,19.3,18.85,18.9,19.16,-0.26,-1.357,3889.3,7390.727
629,603589.SH,20191106,52.49,54.0,51.68,53.07,52.05,1.02,1.9597,81482.96,430879.425
630,603506.SH,20191105,19.21,19.26,18.6,18.7,18.93,-0.23,-1.215,14729.15,27729.137
631,603530.SH,20191105,18.24,18.58,18.03,18.33,18.23,0.1,0.5485,31899.68,58458.406
632,603536.SH,20191105,10.62,10.7,10.47,10.61,10.61,0.0,0.0,17526.0,18574.272
633,603578.SH,20191105,18.9,19.21,18.88,19.16,19.13,0.03,0.1568,3004.67,5742.528
634,603589.SH,20191105,50.65,52.77,50.6,52.05,50.24,1.81,3.6027,82787.79,429564.113
635,603506.SH,20191104,18.98,19.3,18.83,18.93,19.04,-0.11,-0.5777,19879.85,37926.778
636,603530.SH,20191104,18.19,18.39,18.11,18.23,18.2,0.03,0.1648,24454.47,44605.284
637,603536.SH,20191104,10.72,10.83,10.52,10.61,10.73,-0.12,-1.1184,19508.4,20725.372
638,603578.SH,20191104,19.28,19.76,18.92,19.13,19.29,-0.16,-0.8294,4830.0,9288.974
639,603589.SH,20191104,50.12,50.75,49.88,50.24,49.9,0.34,0.6814,54946.56,276015.125
640,603506.SH,20191101,18.76,19.42,18.61,19.04,18.6,0.44,2.3656,28760.83,54778.612
641,603530.SH,20191101,17.94,18.48,17.53,18.2,18.07,0.13,0.7194,38355.49,69336.409
642,603536.SH,20191101,10.5,10.75,10.5,10.73,10.65,0.08,0.7512,16815.0,17932.919
643,603578.SH,20191101,18.72,19.36,18.56,19.29,18.95,0.34,1.7942,6889.0,13152.142
644,603589.SH,20191101,48.89,50.17,47.97,49.9,48.9,1.0,2.045,41490.44,204882.905
645,603506.SH,20191031,18.39,18.97,18.3,18.6,18.25,0.35,1.9178,23148.39,43316.897
646,603530.SH,20191031,18.78,18.83,18.0,18.07,18.8,-0.73,-3.883,39539.29,72455.028
647,603536.SH,20191031,10.68,10.84,10.6,10.65,10.68,-0.03,-0.2809,18823.4,20188.324
648,603578.SH,20191031,18.78,18.98,18.7,18.95,18.87,0.08,0.424,4777.97,9014.223
649,603589.SH,20191031,50.26,51.31,48.74,48.9,50.48,-1.58,-3.13,60946.89,303204.104
650,603506.SH,20191030,18.68,18.93,17.91,18.25,18.74,-0.49,-2.6147,16955.58,31043.73
651,603530.SH,20191030,19.25,19.3,18.53,18.8,19.13,-0.33,-1.725,36463.86,68492.242
652,603536.SH,20191030,10.54,10.71,10.42,10.68,10.54,0.14,1.3283,15851.0,16815.91
653,603578.SH,20191030,19.11,19.11,18.7,18.87,19.12,-0.25,-1.3075,4235.0,7961.082
654,603589.SH,20191030,51.2,51.29,49.53,50.48,51.3,-0.82,-1.5984,65077.75,325923.889
655,603506.SH,20191029,18.85,19.13,18.74,18.74,18.93,-0.19,-1.0037,14756.88,27852.653
656,603530.SH,20191029,20.13,20.14,18.9,19.13,20.15,-1.02,-5.062,57035.87,110608.488
657,603536.SH,20191029,10.42,10.6,10.41,10.54,10.42,0.12,1.1516,16601.2,17457.869
658,603578.SH,20191029,19.26,19.26,19.1,19.12,19.25,-0.13,-0.6753,3859.0,7390.251
659,603589.SH,20191029,52.0,52.9,51.0,51.3,53.8,-2.5,-4.6468,135035.67,699627.786
660,603506.SH,20191028,18.25,19.25,18.21,18.93,18.52,0.41,2.2138,18670.27,35085.38
661,603530.SH,20191028,20.04,20.29,19.77,20.15,20.14,0.01,0.0497,37904.78,76092.098
662,603536.SH,20191028,10.34,10.49,10.34,10.42,10.33,0.09,0.8712,19685.2,20483.742
663,603578.SH,20191028,19.2,19.33,19.01,19.25,19.2,0.05,0.2604,8193.0,15748.896
664,603589.SH,20191028,51.89,54.3,51.84,53.8,52.35,1.45,2.7698,64070.42,342470.965
665,603506.SH,20191025,18.51,18.57,18.23,18.52,18.4,0.12,0.6522,10427.32,19181.646
666,603530.SH,20191025,20.18,20.44,19.86,20.14,20.18,-0.04,-0.1982,36716.92,74080.247
667,603536.SH,20191025,10.24,10.48,10.22,10.33,10.29,0.04,0.3887,13199.4,13628.486
668,603578.SH,20191025,19.04,19.22,18.69,19.2,19.0,0.2,1.0526,4165.0,7927.582
669,603589.SH,20191025,51.47,52.5,51.42,52.35,51.3,1.05,2.0468,37826.06,196437.78
670,603506.SH,20191024,18.55,18.7,18.2,18.4,18.7,-0.3,-1.6043,14583.19,26852.474
671,603530.SH,20191024,20.66,20.7,19.71,20.18,20.55,-0.37,-1.8005,44241.63,88677.717
672,603536.SH,20191024,10.44,10.53,10.26,10.29,10.35,-0.06,-0.5797,11438.2,11878.541
673,603578.SH,20191024,19.18,19.2,18.9,19.0,19.0,0.0,0.0,3272.54,6219.232
674,603589.SH,20191024,51.93,51.99,50.6,51.3,52.4,-1.1,-2.0992,60509.92,310469.278
675,603506.SH,20191023,17.96,19.56,17.89,18.7,17.96,0.74,4.1203,29506.32,54988.607
676,603530.SH,20191023,19.91,20.72,19.81,20.55,19.98,0.57,2.8529,50340.42,102590.84
677,603536.SH,20191023,10.34,10.48,10.31,10.35,10.31,0.04,0.388,15027.6,15639.933
678,603578.SH,20191023,19.14,19.18,18.91,19.0,19.15,-0.15,-0.7833,3488.0,6641.482
679,603589.SH,20191023,53.53,53.96,51.95,52.4,53.63,-1.23,-2.2935,44275.31,233926.383
680,603506.SH,20191022,17.93,18.08,17.75,17.96,17.93,0.03,0.1673,6871.95,12306.992
681,603530.SH,20191022,19.67,20.1,19.43,19.98,19.66,0.32,1.6277,38787.51,76640.045
682,603536.SH,20191022,10.08,10.34,10.06,10.31,10.11,0.2,1.9782,10370.0,10619.754
683,603578.SH,20191022,18.8,19.18,18.58,19.15,18.78,0.37,1.9702,4347.0,8239.608
684,603589.SH,20191022,53.96,53.98,52.99,53.63,53.55,0.08,0.1494,34440.26,183708.059
685,603506.SH,20191021,18.15,18.15,17.59,17.93,18.21,-0.28,-1.5376,10242.1,18200.334
686,603530.SH,20191021,20.95,21.28,19.31,19.66,21.45,-1.79,-8.345,63910.55,126363.179
687,603536.SH,20191021,10.18,10.24,10.0,10.11,10.18,-0.07,-0.6876,11741.8,11838.376
688,603578.SH,20191021,18.95,18.95,18.46,18.78,18.95,-0.17,-0.8971,3232.0,6025.824
689,603589.SH,20191021,53.4,54.18,53.08,53.55,54.09,-0.54,-0.9983,31219.89,167201.818
690,603506.SH,20191018,18.53,18.78,18.0,18.21,18.25,-0.04,-0.2192,12588.77,23138.278
691,603530.SH,20191018,22.2,22.45,21.45,21.45,22.25,-0.8,-3.5955,50472.0,110160.659
692,603536.SH,20191018,10.37,10.43,10.12,10.18,10.12,0.06,0.5929,12010.0,12301.987
693,603578.SH,20191018,19.13,19.28,18.8,18.95,19.2,-0.25,-1.3021,3908.0,7431.741
694,603589.SH,20191018,54.19,55.0,52.65,54.09,54.49,-0.4,-0.7341,66997.99,360087.498
695,603506.SH,20191017,18.56,18.83,18.2,18.25,18.48,-0.23,-1.2446,13351.93,24663.459
696,603530.SH,20191017,22.48,22.59,21.7,22.25,22.39,-0.14,-0.6253,51578.59,113485.986
697,603536.SH,20191017,10.18,10.23,10.01,10.12,10.2,-0.08,-0.7843,4740.4,4799.817
698,603578.SH,20191017,19.23,19.49,19.13,19.2,19.35,-0.15,-0.7752,3165.0,6097.83
699,603589.SH,20191017,55.12,55.43,54.3,54.49,55.18,-0.69,-1.2505,30802.92,168327.351
700,603506.SH,20191016,18.42,18.78,18.26,18.48,18.42,0.06,0.3257,13811.27,25526.692
701,603530.SH,20191016,21.54,22.55,21.45,22.39,21.35,1.04,4.8712,70018.86,153987.304
702,603536.SH,20191016,10.29,10.3,10.08,10.2,10.25,-0.05,-0.4878,9778.0,9997.041
703,603578.SH,20191016,19.59,19.63,19.35,19.35,19.61,-0.26,-1.3259,3965.0,7728.375
704,603589.SH,20191016,56.16,56.16,54.81,55.18,56.48,-1.3,-2.3017,48718.59,268772.465
705,603506.SH,20191015,18.1,18.56,18.1,18.42,18.18,0.24,1.3201,16673.97,30706.21
706,603530.SH,20191015,22.39,22.45,21.3,21.35,22.63,-1.28,-5.6562,62142.95,134548.647
707,603536.SH,20191015,10.36,10.4,10.12,10.25,10.35,-0.1,-0.9662,8798.0,9012.846
708,603578.SH,20191015,19.49,19.61,19.24,19.61,19.49,0.12,0.6157,5304.0,10304.63
709,603589.SH,20191015,55.13,56.98,54.55,56.48,55.13,1.35,2.4488,63443.8,356789.244
710,603506.SH,20191014,18.17,18.46,17.99,18.18,18.05,0.13,0.7202,11927.07,21755.922
711,603530.SH,20191014,22.58,23.06,22.43,22.63,22.46,0.17,0.7569,57201.16,129927.228
712,603536.SH,20191014,10.2,10.36,10.19,10.35,10.14,0.21,2.071,17483.6,17995.626
713,603578.SH,20191014,19.5,19.66,19.3,19.49,19.47,0.02,0.1027,5788.18,11280.967
714,603589.SH,20191014,55.59,55.8,54.7,55.13,55.05,0.08,0.1453,52390.25,288781.271
715,603506.SH,20191011,18.0,18.18,17.81,18.05,18.01,0.04,0.2221,9402.65,16934.046
716,603530.SH,20191011,22.08,23.06,22.08,22.46,22.15,0.31,1.3995,73225.07,165158.423
717,603536.SH,20191011,9.97,10.24,9.94,10.14,9.94,0.2,2.0121,14879.8,15003.982
718,603578.SH,20191011,19.43,19.56,19.26,19.47,19.39,0.08,0.4126,6962.86,13515.224
719,603589.SH,20191011,55.5,56.34,54.81,55.05,55.28,-0.23,-0.4161,45410.32,250952.014
720,603506.SH,20191010,17.83,18.1,17.65,18.01,17.66,0.35,1.9819,13426.73,23984.393
721,603530.SH,20191010,22.1,22.36,21.85,22.15,22.12,0.03,0.1356,53773.77,119007.275
722,603536.SH,20191010,9.87,9.97,9.82,9.94,9.84,0.1,1.0163,9319.6,9224.042
723,603578.SH,20191010,18.86,19.47,18.84,19.39,18.92,0.47,2.4841,7496.76,14500.898
724,603589.SH,20191010,55.82,55.9,54.99,55.28,56.1,-0.82,-1.4617,49297.62,272892.581
725,603506.SH,20191009,17.3,18.08,17.18,17.66,17.3,0.36,2.0809,15249.71,26901.528
726,603530.SH,20191009,21.26,22.14,20.9,22.12,21.39,0.73,3.4128,58443.35,126353.755
727,603536.SH,20191009,9.74,9.89,9.74,9.84,9.76,0.08,0.8197,10883.68,10681.884
728,603578.SH,20191009,18.5,18.94,18.45,18.92,18.56,0.36,1.9397,3624.54,6782.441
729,603589.SH,20191009,57.4,57.5,55.4,56.1,57.41,-1.31,-2.2818,40256.48,225487.794
730,603506.SH,20191008,17.55,17.77,17.1,17.3,17.55,-0.25,-1.4245,12544.24,21947.132
731,603530.SH,20191008,21.66,21.92,21.23,21.39,21.5,-0.11,-0.5116,50784.54,109636.318
732,603536.SH,20191008,9.82,9.93,9.76,9.76,9.82,-0.06,-0.611,6851.0,6739.503
733,603578.SH,20191008,18.81,18.98,18.5,18.56,18.81,-0.25,-1.3291,4803.0,8945.452
734,603589.SH,20191008,56.35,58.28,56.14,57.41,55.78,1.63,2.9222,62712.05,360777.047
735,603506.SH,20190930,18.19,18.2,17.32,17.55,18.27,-0.72,-3.9409,20466.36,36287.4
736,603530.SH,20190930,23.08,23.08,21.36,21.5,23.1,-1.6,-6.9264,85589.22,187053.255
737,603536.SH,20190930,9.83,10.02,9.81,9.82,9.89,-0.07,-0.7078,8258.2,8182.912
738,603578.SH,20190930,18.47,19.16,18.47,18.81,18.59,0.22,1.1834,5213.0,9869.106
739,603589.SH,20190930,57.02,57.36,55.78,55.78,56.95,-1.17,-2.0544,41316.69,233863.254
740,603506.SH,20190927,19.0,19.0,18.16,18.27,19.01,-0.74,-3.8927,31700.68,58599.114
741,603530.SH,20190927,23.29,23.55,22.76,23.1,23.56,-0.46,-1.9525,73586.77,170384.902
742,603536.SH,20190927,9.81,9.94,9.74,9.89,9.81,0.08,0.8155,15579.2,15272.979
743,603578.SH,20190927,18.45,18.71,18.25,18.59,18.45,0.14,0.7588,4086.0,7594.958
744,603589.SH,20190927,57.8,58.03,55.18,56.95,57.61,-0.66,-1.1456,46442.9,263093.723
745,603506.SH,20190926,18.7,19.03,18.5,19.01,18.54,0.47,2.5351,39656.02,74781.941
746,603530.SH,20190926,25.96,25.97,23.56,23.56,26.18,-2.62,-10.0076,125680.75,307336.253
747,603536.SH,20190926,10.03,10.16,9.72,9.81,10.01,-0.2,-1.998,26461.8,26030.815
748,603578.SH,20190926,18.74,18.94,18.29,18.45,18.86,-0.41,-2.1739,5468.0,10144.464
749,603589.SH,20190926,58.1,58.85,57.51,57.61,57.67,-0.06,-0.104,43650.16,254526.639
750,603506.SH,20190925,18.48,18.95,18.32,18.54,18.5,0.04,0.2162,18068.48,33699.144
751,603530.SH,20190925,26.83,27.6,26.01,26.18,27.22,-1.04,-3.8207,107982.17,290521.852
752,603536.SH,20190925,10.1,10.23,9.74,10.01,10.18,-0.17,-1.6699,27261.4,27171.197
753,603578.SH,20190925,19.01,19.15,18.75,18.86,19.12,-0.26,-1.3598,4888.12,9265.649
754,603589.SH,20190925,58.6,58.78,57.65,57.67,58.79,-1.12,-1.9051,54996.27,319146.37
755,603506.SH,20190924,18.35,18.7,18.21,18.5,18.33,0.17,0.9274,17338.79,32051.673
756,603530.SH,20190924,27.01,27.39,26.39,27.22,27.3,-0.08,-0.293,105431.47,282331.266
757,603536.SH,20190924,10.25,10.37,10.12,10.18,10.28,-0.1,-0.9728,17080.0,17399.823
758,603578.SH,20190924,19.02,19.32,18.98,19.12,19.01,0.11,0.5786,5589.6,10706.692
759,603589.SH,20190924,59.29,60.16,58.53,58.79,59.27,-0.48,-0.8099,65355.53,388809.951
760,603506.SH,20190923,18.25,18.42,17.85,18.33,18.21,0.12,0.659,12230.72,22177.998
761,603530.SH,20190923,26.42,27.38,25.93,27.3,26.73,0.57,2.1324,133038.43,358748.297
762,603536.SH,20190923,10.26,10.43,10.23,10.28,10.28,0.0,0.0,18961.74,19577.654
763,603578.SH,20190923,19.38,19.49,18.87,19.01,19.37,-0.36,-1.8585,6564.07,12483.237
764,603589.SH,20190923,60.4,60.4,58.5,59.27,60.66,-1.39,-2.2915,35706.6,210898.538
765,603506.SH,20190920,18.2,18.43,18.1,18.21,18.22,-0.01,-0.0549,7751.61,14160.002
766,603530.SH,20190920,27.74,27.78,26.7,26.73,28.25,-1.52,-5.3805,169451.46,459806.395
767,603536.SH,20190920,10.33,10.37,10.26,10.28,10.32,-0.04,-0.3876,13352.4,13759.175
768,603578.SH,20190920,19.37,19.75,19.13,19.37,19.3,0.07,0.3627,8120.0,15838.533
769,603589.SH,20190920,61.1,61.49,60.05,60.66,61.1,-0.44,-0.7201,30183.69,183092.406
770,603506.SH,20190919,18.2,18.3,18.08,18.22,18.17,0.05,0.2752,7419.4,13493.473
771,603530.SH,20190919,29.24,29.9,27.51,28.25,30.5,-2.25,-7.377,229544.85,651907.868
772,603536.SH,20190919,10.36,10.38,10.21,10.32,10.34,-0.02,-0.1934,30813.14,31641.075
773,603578.SH,20190919,19.29,19.41,19.03,19.3,19.12,0.18,0.9414,5464.47,10496.081
774,603589.SH,20190919,61.21,61.53,59.8,61.1,61.06,0.04,0.0655,39517.12,239453.538
775,603506.SH,20190918,18.02,18.41,17.85,18.17,18.0,0.17,0.9444,7538.92,13705.237
776,603530.SH,20190918,32.33,34.33,30.0,30.5,31.21,-0.71,-2.2749,327224.28,1078972.872
777,603536.SH,20190918,10.27,10.42,10.22,10.34,10.28,0.06,0.5837,32791.8,33860.005
778,603578.SH,20190918,18.98,19.34,18.98,19.12,18.97,0.15,0.7907,7031.12,13452.549
779,603589.SH,20190918,59.4,61.29,59.4,61.06,59.48,1.58,2.6564,59057.85,359444.294
780,603506.SH,20190917,18.61,18.61,17.96,18.0,18.62,-0.62,-3.3298,13266.81,24131.112
781,603530.SH,20190917,29.8,31.21,29.2,31.21,28.37,2.84,10.0106,172533.97,527012.646
782,603536.SH,20190917,10.21,10.38,10.16,10.28,10.39,-0.11,-1.0587,39628.49,40760.181
783,603578.SH,20190917,19.64,19.64,18.81,18.97,19.66,-0.69,-3.5097,7511.0,14351.78
784,603589.SH,20190917,60.33,60.57,59.18,59.48,59.91,-0.43,-0.7177,32435.28,194208.176
785,603506.SH,20190916,18.7,18.93,18.45,18.62,18.7,-0.08,-0.4278,14523.77,27049.69
786,603530.SH,20190916,25.81,28.37,25.79,28.37,25.79,2.58,10.0039,126459.91,347905.654
787,603536.SH,20190916,10.29,10.6,10.04,10.39,10.65,-0.26,-2.4413,90920.4,93402.934
788,603578.SH,20190916,19.82,19.91,19.42,19.66,19.84,-0.18,-0.9073,6742.0,13266.991
789,603589.SH,20190916,60.92,61.18,59.41,59.91,60.8,-0.89,-1.4638,41746.43,251373.172
790,603506.SH,20190912,18.59,18.91,18.57,18.7,18.47,0.23,1.2453,10743.81,20108.498
791,603530.SH,20190912,24.55,26.69,24.25,25.79,24.55,1.24,5.0509,168826.61,432117.504
792,603536.SH,20190912,11.79,12.08,10.65,10.65,11.83,-1.18,-9.9746,175556.8,193020.478
793,603578.SH,20190912,19.68,19.95,19.62,19.84,19.68,0.16,0.813,6476.0,12817.49
794,603589.SH,20190912,60.19,61.5,59.85,60.8,60.2,0.6,0.9967,50749.99,307607.644
795,603506.SH,20190911,18.91,19.55,18.47,18.47,18.73,-0.26,-1.3881,17647.03,33502.703
796,603530.SH,20190911,25.3,25.74,24.5,24.55,25.71,-1.16,-4.5119,108023.17,269598.122
797,603536.SH,20190911,11.68,11.96,11.35,11.83,11.65,0.18,1.5451,72701.0,84783.606
798,603578.SH,20190911,19.65,19.78,19.5,19.68,19.7,-0.02,-0.1015,6524.1,12805.605
799,603589.SH,20190911,62.9,62.9,59.82,60.2,62.99,-2.79,-4.4293,78216.87,473044.65
800,603506.SH,20190910,18.43,18.89,18.42,18.73,18.41,0.32,1.7382,17637.37,32946.187
801,603530.SH,20190910,24.4,25.86,24.31,25.71,24.65,1.06,4.3002,150249.13,377373.891
802,603536.SH,20190910,11.71,11.83,11.36,11.65,11.69,-0.04,-0.3422,64511.35,74979.858
803,603578.SH,20190910,19.46,19.79,19.2,19.7,19.3,0.4,2.0725,8038.41,15649.742
804,603589.SH,20190910,63.49,63.75,62.63,62.99,63.5,-0.51,-0.8031,45449.26,285977.685
805,603506.SH,20190909,18.58,18.6,18.28,18.41,18.19,0.22,1.2095,11747.24,21616.756
806,603530.SH,20190909,24.14,24.67,23.96,24.65,24.15,0.5,2.0704,98169.98,239859.167
807,603536.SH,20190909,11.19,11.92,11.11,11.69,11.19,0.5,4.4683,92625.43,107024.508
808,603578.SH,20190909,19.21,19.39,18.96,19.3,19.01,0.29,1.5255,8067.82,15499.255
809,603589.SH,20190909,63.35,63.66,62.5,63.5,63.1,0.4,0.6339,33994.28,215103.734
810,603506.SH,20190906,18.05,18.29,18.03,18.19,18.12,0.07,0.3863,11728.63,21279.836
811,603530.SH,20190906,24.53,24.8,23.91,24.15,25.07,-0.92,-3.6697,133377.69,323706.113
812,603536.SH,20190906,10.49,11.27,10.32,11.19,10.45,0.74,7.0813,86384.29,93020.025
813,603578.SH,20190906,19.49,19.49,18.92,19.01,18.99,0.02,0.1053,4372.47,8338.385
814,603589.SH,20190906,63.6,63.87,62.38,63.1,63.51,-0.41,-0.6456,36513.09,229314.331
815,603506.SH,20190905,18.21,18.33,18.03,18.12,18.21,-0.09,-0.4942,23550.55,42808.659
816,603530.SH,20190905,26.66,27.0,24.71,25.07,25.99,-0.92,-3.5398,230566.71,588694.333
817,603536.SH,20190905,10.5,10.6,10.4,10.45,10.48,-0.03,-0.2863,17921.75,18801.424
818,603578.SH,20190905,18.92,19.28,18.92,18.99,18.89,0.1,0.5294,6701.95,12809.287
819,603589.SH,20190905,63.9,64.69,63.11,63.51,63.65,-0.14,-0.22,45385.08,288878.106
820,603506.SH,20190904,17.9,18.36,17.62,18.21,17.59,0.62,3.5247,25180.67,45278.081
821,603530.SH,20190904,23.61,25.99,23.55,25.99,23.63,2.36,9.9873,102508.64,258584.448
822,603536.SH,20190904,10.5,10.57,10.35,10.48,10.5,-0.02,-0.1905,15304.09,15964.665
823,603578.SH,20190904,18.79,18.98,18.73,18.89,18.79,0.1,0.5322,5327.69,10060.146
824,603589.SH,20190904,64.0,64.45,62.26,63.65,64.59,-0.94,-1.4553,53521.04,337803.475
825,603506.SH,20190903,17.56,17.72,17.45,17.59,17.57,0.02,0.1138,7435.37,13052.53
826,603530.SH,20190903,23.29,23.68,22.77,23.63,23.2,0.43,1.8534,107628.63,250201.887
827,603536.SH,20190903,10.55,10.55,10.31,10.5,10.5,0.0,0.0,16393.7,17091.129
828,603578.SH,20190903,18.9,18.9,18.68,18.79,18.82,-0.03,-0.1594,3187.0,5987.362
829,603589.SH,20190903,66.65,66.7,63.08,64.59,66.55,-1.96,-2.9452,64626.96,416797.78
830,603506.SH,20190902,17.24,17.65,17.12,17.57,17.28,0.29,1.6782,14216.59,24852.772
831,603530.SH,20190902,22.92,23.51,22.65,23.2,23.0,0.2,0.8696,87693.89,203049.762
832,603536.SH,20190902,10.52,10.75,10.43,10.5,10.48,0.02,0.1908,22565.24,23861.517
833,603578.SH,20190902,18.26,18.94,18.26,18.82,18.23,0.59,3.2364,5212.86,9757.846
834,603589.SH,20190902,66.07,67.55,64.95,66.55,66.02,0.53,0.8028,32087.67,212610.137
835,603506.SH,20190830,17.7,17.71,16.68,17.28,17.47,-0.19,-1.0876,18396.29,32006.282
836,603530.SH,20190830,24.44,24.49,23.0,23.0,24.07,-1.07,-4.4454,126425.58,298864.047
837,603536.SH,20190830,10.9,10.9,10.42,10.48,10.76,-0.28,-2.6022,28196.41,29946.404
838,603578.SH,20190830,18.76,18.94,18.18,18.23,18.7,-0.47,-2.5134,4445.74,8202.22
839,603589.SH,20190830,66.5,68.88,65.8,66.02,66.24,-0.22,-0.3321,45812.67,308195.287
840,603506.SH,20190829,17.4,17.47,17.25,17.47,17.32,0.15,0.8661,8912.0,15469.341
841,603530.SH,20190829,24.7,24.88,23.77,24.07,24.99,-0.92,-3.6815,134537.63,326114.899
842,603536.SH,20190829,10.97,11.09,10.73,10.76,10.86,-0.1,-0.9208,25005.99,27263.947
843,603578.SH,20190829,18.79,18.9,18.66,18.7,18.81,-0.11,-0.5848,2486.26,4669.607
844,603589.SH,20190829,66.01,67.0,65.0,66.24,66.31,-0.07,-0.1056,23138.97,152734.173
845,603506.SH,20190828,17.6,17.61,17.32,17.32,17.72,-0.4,-2.2573,14650.13,25465.602
846,603530.SH,20190828,23.8,25.0,23.6,24.99,23.92,1.07,4.4732,158912.37,387459.845
847,603536.SH,20190828,11.12,11.25,10.8,10.86,11.17,-0.31,-2.7753,42643.0,46851.089
848,603578.SH,20190828,18.79,18.95,18.53,18.81,18.75,0.06,0.32,3650.24,6812.054
849,603589.SH,20190828,64.8,67.7,64.2,66.31,65.1,1.21,1.8587,51892.36,342004.643
850,603506.SH,20190827,17.47,17.77,17.08,17.72,17.3,0.42,2.4277,20648.35,36019.26
851,603530.SH,20190827,24.8,24.99,23.55,23.92,24.17,-0.25,-1.0343,135222.05,326202.153
852,603536.SH,20190827,10.9,11.25,10.83,11.17,10.9,0.27,2.4771,30575.44,33697.839
853,603578.SH,20190827,18.58,18.87,18.39,18.75,18.37,0.38,2.0686,3700.0,6906.506
854,603589.SH,20190827,63.0,65.48,62.33,65.1,63.0,2.1,3.3333,39623.45,255345.246
855,603506.SH,20190826,16.78,17.44,16.21,17.3,17.15,0.15,0.8746,19032.92,32445.869
856,603530.SH,20190826,22.64,24.39,22.64,24.17,23.44,0.73,3.1143,143606.37,340775.64
857,603536.SH,20190826,10.87,10.98,10.61,10.9,10.84,0.06,0.5535,53549.36,57856.061
858,603578.SH,20190826,18.1,18.57,17.92,18.37,18.43,-0.06,-0.3256,2017.24,3693.337
859,603589.SH,20190826,63.18,63.4,62.01,63.0,63.99,-0.99,-1.5471,35668.16,223532.497
860,603506.SH,20190823,17.34,17.35,17.1,17.15,17.34,-0.19,-1.0957,9182.37,15771.934
861,603530.SH,20190823,24.91,25.25,23.36,23.44,24.97,-1.53,-6.1274,181057.86,440921.571
862,603536.SH,20190823,10.67,11.05,10.67,10.84,10.74,0.1,0.9311,21306.2,23206.116
863,603578.SH,20190823,18.61,18.8,18.3,18.43,18.59,-0.16,-0.8607,2596.0,4820.776
864,603589.SH,20190823,63.02,64.68,62.8,63.99,63.04,0.95,1.507,31319.0,199477.162
865,603506.SH,20190822,17.29,17.38,17.14,17.34,17.19,0.15,0.8726,8085.35,13951.526
866,603530.SH,20190822,24.46,25.6,24.35,24.97,25.6,-0.63,-2.4609,211833.76,528000.066
867,603536.SH,20190822,10.67,10.8,10.55,10.74,10.61,0.13,1.2253,30404.6,32532.226
868,603578.SH,20190822,18.6,18.73,18.46,18.59,18.55,0.04,0.2156,2469.0,4593.636
869,603589.SH,20190822,62.79,63.29,61.9,63.04,62.52,0.52,0.8317,14827.59,92899.295
870,603506.SH,20190821,17.14,17.28,17.08,17.19,17.13,0.06,0.3503,7603.04,13049.963
871,603530.SH,20190821,24.98,26.83,24.48,25.6,24.43,1.17,4.7892,315475.51,801780.766
872,603536.SH,20190821,10.59,10.77,10.48,10.61,10.63,-0.02,-0.1881,31846.8,33886.537
873,603578.SH,20190821,18.9,18.9,18.46,18.55,18.48,0.07,0.3788,2355.8,4392.768
874,603589.SH,20190821,63.0,63.9,62.18,62.52,63.3,-0.78,-1.2322,18453.25,115720.346
875,603506.SH,20190820,17.28,17.48,17.08,17.13,17.32,-0.19,-1.097,10630.88,18302.925
876,603530.SH,20190820,24.43,24.43,24.43,24.43,22.21,2.22,9.9955,8332.77,20356.957
877,603536.SH,20190820,10.29,10.77,10.28,10.63,10.41,0.22,2.1134,29215.0,30867.941
878,603578.SH,20190820,18.49,18.71,18.41,18.48,18.5,-0.02,-0.1081,3241.8,6019.176
879,603589.SH,20190820,61.99,63.96,61.57,63.3,61.99,1.31,2.1132,26852.56,169015.75
880,603506.SH,20190819,16.8,17.44,16.75,17.32,16.75,0.57,3.403,13388.49,22934.833
881,603530.SH,20190819,22.21,22.21,22.21,22.21,20.19,2.02,10.005,6593.08,14643.231
882,603536.SH,20190819,10.1,10.44,10.1,10.41,10.15,0.26,2.5616,20815.0,21437.862
883,603578.SH,20190819,18.33,18.54,18.21,18.5,18.14,0.36,1.9846,4885.12,8991.45
884,603589.SH,20190819,60.49,62.05,60.02,61.99,60.11,1.88,3.1276,38224.43,233455.233
885,603506.SH,20190816,16.6,16.95,16.46,16.75,16.61,0.14,0.8429,10025.62,16787.604
886,603530.SH,20190816,20.19,20.19,20.19,20.19,18.35,1.84,10.0272,11205.3,22623.501
887,603536.SH,20190816,10.2,10.2,10.05,10.15,10.16,-0.01,-0.0984,13850.0,14052.104
888,603578.SH,20190816,18.01,18.22,18.0,18.14,18.11,0.03,0.1657,2972.0,5402.417
889,603589.SH,20190816,59.0,61.1,58.33,60.11,59.39,0.72,1.2123,40522.16,241997.828
890,603506.SH,20190815,16.31,16.65,16.2,16.61,16.75,-0.14,-0.8358,8021.14,13151.986
891,603530.SH,20190815,18.35,18.35,18.35,18.35,16.68,1.67,10.012,8108.76,14879.575
892,603536.SH,20190815,10.05,10.19,9.82,10.16,10.03,0.13,1.2961,19777.6,19888.634
893,603578.SH,20190815,17.69,18.11,17.56,18.11,18.08,0.03,0.1659,2057.0,3682.953
894,603589.SH,20190815,59.66,60.19,58.58,59.39,60.2,-0.81,-1.3455,22339.28,132486.855
895,603506.SH,20190814,17.01,17.14,16.6,16.75,16.74,0.01,0.0597,9667.48,16258.86
896,603530.SH,20190814,16.68,16.68,16.68,16.68,15.16,1.52,10.0264,4252.13,7092.553
897,603536.SH,20190814,9.75,10.03,9.73,10.03,9.7,0.33,3.4021,25524.21,25303.164
898,603578.SH,20190814,18.0,18.28,17.96,18.08,17.85,0.23,1.2885,2560.8,4635.843
899,603589.SH,20190814,59.77,61.57,59.65,60.2,59.54,0.66,1.1085,43152.63,260826.89
900,603506.SH,20190813,16.94,16.94,16.6,16.74,16.95,-0.21,-1.2389,7559.76,12637.644
901,603530.SH,20190813,15.16,15.16,15.16,15.16,13.78,1.38,10.0145,3523.48,5341.596
902,603536.SH,20190813,9.87,9.87,9.5,9.7,9.83,-0.13,-1.3225,18543.8,17938.595
903,603578.SH,20190813,17.81,17.92,17.61,17.85,17.98,-0.13,-0.723,1560.0,2771.09
904,603589.SH,20190813,58.5,59.8,58.5,59.54,59.18,0.36,0.6083,19839.42,117989.955
905,603506.SH,20190812,16.5,16.98,16.38,16.95,16.56,0.39,2.3551,10802.42,18115.923
906,603530.SH,20190812,13.78,13.78,13.78,13.78,12.53,1.25,9.9761,1778.84,2451.242
907,603536.SH,20190812,9.43,10.2,9.43,9.83,9.52,0.31,3.2563,18884.8,18487.527
908,603578.SH,20190812,17.67,17.99,17.66,17.98,17.69,0.29,1.6393,2900.5,5163.614
909,603589.SH,20190812,58.53,59.79,58.35,59.18,58.53,0.65,1.1105,15455.34,91386.239
910,603506.SH,20190809,16.4,16.83,16.4,16.56,16.4,0.16,0.9756,14577.76,24301.088
911,603530.SH,20190809,12.53,12.53,12.53,12.53,11.39,1.14,10.0088,2782.89,3486.961
912,603536.SH,20190809,9.7,9.7,9.4,9.52,9.52,0.0,0.0,13366.0,12722.912
913,603578.SH,20190809,18.27,18.27,17.5,17.69,18.16,-0.47,-2.5881,4969.8,8867.961
914,603589.SH,20190809,59.9,60.2,58.2,58.53,59.8,-1.27,-2.1237,22283.44,131747.438
915,603506.SH,20190808,16.33,16.55,16.3,16.4,16.3,0.1,0.6135,8708.75,14291.203
916,603530.SH,20190808,11.39,11.39,11.39,11.39,10.35,1.04,10.0483,867.1,987.627
917,603536.SH,20190808,9.61,9.68,9.32,9.52,9.57,-0.05,-0.5225,17386.24,16642.433
918,603578.SH,20190808,18.09,18.28,18.09,18.16,18.1,0.06,0.3315,1707.0,3105.493
919,603589.SH,20190808,58.99,60.1,58.5,59.8,58.74,1.06,1.8046,24950.02,148782.986
920,603506.SH,20190807,16.71,16.75,16.2,16.3,16.64,-0.34,-2.0433,14958.64,24555.849
921,603530.SH,20190807,10.35,10.35,10.35,10.35,9.41,0.94,9.9894,363.48,376.202
922,603536.SH,20190807,9.57,9.82,9.45,9.57,9.57,0.0,0.0,11402.6,10891.574
923,603578.SH,20190807,18.16,18.27,18.01,18.1,18.05,0.05,0.277,2769.0,5027.023
924,603589.SH,20190807,59.12,59.28,57.1,58.74,58.4,0.34,0.5822,11427.06,67134.093
925,603506.SH,20190806,17.2,17.2,16.21,16.64,17.49,-0.85,-4.8599,19899.7,32961.859
926,603530.SH,20190806,9.41,9.41,9.41,9.41,8.55,0.86,10.0585,346.73,326.273
927,603536.SH,20190806,9.82,9.82,9.21,9.57,9.95,-0.38,-3.8191,18124.8,17279.363
928,603578.SH,20190806,18.62,18.7,18.0,18.05,18.91,-0.86,-4.5479,7682.8,13981.17
929,603589.SH,20190806,57.5,59.18,55.41,58.4,58.28,0.12,0.2059,26258.45,152332.213
930,603506.SH,20190805,17.69,17.87,17.49,17.49,17.69,-0.2,-1.1306,8380.6,14804.795
931,603530.SH,20190805,8.55,8.55,8.55,8.55,5.94,2.61,43.9394,711.49,608.324
932,603536.SH,20190805,9.96,9.99,9.67,9.95,9.97,-0.02,-0.2006,14070.54,13916.396
933,603578.SH,20190805,19.05,19.2,18.91,18.91,19.03,-0.12,-0.6306,2288.0,4352.523
934,603589.SH,20190805,59.23,60.14,58.27,58.28,59.65,-1.37,-2.2967,20743.29,122161.476
935,603506.SH,20190802,18.01,18.03,17.48,17.69,18.4,-0.71,-3.8587,17934.62,31775.527
936,603536.SH,20190802,10.04,10.04,9.7,9.97,10.07,-0.1,-0.993,17120.0,16841.065
937,603578.SH,20190802,18.98,19.18,18.81,19.03,19.31,-0.28,-1.45,4899.8,9280.85
938,603589.SH,20190802,59.3,60.2,58.72,59.65,60.05,-0.4,-0.6661,26533.77,157624.402
939,603506.SH,20190801,18.37,18.57,18.31,18.4,18.51,-0.11,-0.5943,8375.42,15424.071
940,603536.SH,20190801,10.14,10.14,9.94,10.07,10.11,-0.04,-0.3956,10606.0,10629.692
941,603578.SH,20190801,19.12,19.31,19.01,19.31,19.13,0.18,0.9409,4141.12,7945.984
942,603589.SH,20190801,60.23,60.71,59.6,60.05,60.61,-0.56,-0.9239,22990.18,138265.754
943,603506.SH,20190731,18.9,19.0,18.45,18.51,18.89,-0.38,-2.0116,12575.51,23414.931
944,603536.SH,20190731,10.22,10.22,9.96,10.11,10.11,0.0,0.0,21460.41,21595.369
945,603578.SH,20190731,19.1,19.22,19.03,19.13,19.2,-0.07,-0.3646,1823.12,3481.421
946,603589.SH,20190731,61.82,62.86,60.38,60.61,61.96,-1.35,-2.1788,31473.13,192596.632
947,603506.SH,20190730,18.91,19.15,18.86,18.89,19.0,-0.11,-0.5789,10549.36,20010.64
948,603536.SH,20190730,10.18,10.26,10.0,10.11,10.1,0.01,0.099,18893.4,19141.331
949,603578.SH,20190730,18.83,19.2,18.82,19.2,18.98,0.22,1.1591,2674.12,5099.102
950,603589.SH,20190730,61.58,63.69,61.39,61.96,61.82,0.14,0.2265,33748.73,211093.886
951,603506.SH,20190729,18.8,19.2,18.8,19.0,18.75,0.25,1.3333,12983.02,24630.828
952,603536.SH,20190729,9.81,10.17,9.79,10.1,10.15,-0.05,-0.4926,22685.4,22696.738
953,603578.SH,20190729,19.08,19.08,18.8,18.98,19.09,-0.11,-0.5762,2889.0,5461.773
954,603589.SH,20190729,62.4,62.5,60.8,61.82,61.62,0.2,0.3246,34734.47,213790.283
955,603506.SH,20190726,18.84,18.86,18.5,18.75,18.77,-0.02,-0.1066,11611.62,21659.187
956,603536.SH,20190726,9.92,10.2,9.92,10.15,10.0,0.15,1.5,16910.0,17098.443
957,603578.SH,20190726,19.05,19.15,18.92,19.09,19.15,-0.06,-0.3133,2310.0,4388.993
958,603589.SH,20190726,59.22,62.21,59.08,61.62,59.65,1.97,3.3026,55899.41,341640.581
959,603506.SH,20190725,18.74,18.98,18.61,18.77,18.66,0.11,0.5895,14619.91,27504.513
960,603536.SH,20190725,9.9,10.06,9.78,10.0,9.85,0.15,1.5228,18486.01,18389.006
961,603578.SH,20190725,18.95,19.4,18.86,19.15,18.95,0.2,1.0554,4464.0,8573.388
962,603589.SH,20190725,60.5,60.54,58.37,59.65,60.35,-0.7,-1.1599,65440.49,386068.494
963,603506.SH,20190724,18.56,18.96,18.55,18.66,18.57,0.09,0.4847,14666.07,27457.16
964,603536.SH,20190724,9.78,9.91,9.68,9.85,9.8,0.05,0.5102,20647.1,20318.82
965,603578.SH,20190724,18.86,19.18,18.86,18.95,18.86,0.09,0.4772,2720.0,5186.823
966,603589.SH,20190724,61.5,61.6,60.01,60.35,61.49,-1.14,-1.854,52912.31,320677.662
967,603506.SH,20190723,18.5,18.65,18.32,18.57,18.57,0.0,0.0,14784.81,27286.6
968,603536.SH,20190723,9.53,9.86,9.46,9.8,9.49,0.31,3.2666,17910.94,17331.837
969,603578.SH,20190723,18.59,18.9,18.59,18.86,18.63,0.23,1.2346,2746.0,5167.803
970,603589.SH,20190723,62.65,62.65,59.9,61.49,63.17,-1.68,-2.6595,41679.43,254876.427
971,603506.SH,20190722,19.24,19.24,18.37,18.57,19.44,-0.87,-4.4753,28031.22,52446.775
972,603536.SH,20190722,9.58,9.78,9.45,9.49,9.58,-0.09,-0.9395,19608.6,18782.877
973,603578.SH,20190722,19.4,19.5,18.58,18.63,19.4,-0.77,-3.9691,5907.0,11153.192
974,603589.SH,20190722,62.73,63.4,61.68,63.17,63.0,0.17,0.2698,28268.92,177224.326
975,603506.SH,20190719,19.19,20.03,19.05,19.44,19.06,0.38,1.9937,27934.82,54540.931
976,603536.SH,20190719,9.49,9.75,9.49,9.58,9.61,-0.03,-0.3122,8813.2,8485.213
977,603578.SH,20190719,19.28,19.52,19.28,19.4,19.28,0.12,0.6224,3501.0,6801.37
978,603589.SH,20190719,62.3,63.5,61.71,63.0,62.05,0.95,1.531,30450.57,191954.492
979,603506.SH,20190718,19.59,19.59,18.9,19.06,19.59,-0.53,-2.7055,25591.17,49050.221
980,603536.SH,20190718,9.9,10.07,9.54,9.61,9.81,-0.2,-2.0387,15943.0,15557.02
981,603578.SH,20190718,19.82,19.85,19.22,19.28,20.01,-0.73,-3.6482,7305.0,14250.854
982,603589.SH,20190718,62.37,63.2,61.58,62.05,62.02,0.03,0.0484,30250.77,188666.866
983,603506.SH,20190717,19.95,20.1,19.54,19.59,19.99,-0.4,-2.001,23482.81,46524.133
984,603536.SH,20190717,9.79,9.9,9.53,9.81,9.76,0.05,0.5123,14461.0,14178.282
985,603578.SH,20190717,20.09,20.13,19.83,20.01,20.15,-0.14,-0.6948,6333.0,12650.077
986,603589.SH,20190717,62.31,62.88,61.5,62.02,62.2,-0.18,-0.2894,17235.27,107062.183
987,603506.SH,20190716,19.85,20.27,19.74,19.99,20.06,-0.07,-0.349,25117.43,50176.177
988,603536.SH,20190716,9.75,9.82,9.66,9.76,9.8,-0.04,-0.4082,18797.25,18297.478
989,603578.SH,20190716,20.1,20.18,19.71,20.15,20.13,0.02,0.0994,8065.3,16053.967
990,603589.SH,20190716,62.98,63.37,61.63,62.2,62.6,-0.4,-0.639,22974.79,143458.618
991,603506.SH,20190715,19.52,20.4,19.05,20.06,19.32,0.74,3.8302,37051.73,73759.843
992,603536.SH,20190715,9.57,10.2,9.4,9.8,9.59,0.21,2.1898,30240.0,29368.501
993,603578.SH,20190715,20.12,20.27,19.52,20.13,20.26,-0.13,-0.6417,10280.93,20488.648
994,603589.SH,20190715,63.39,63.39,61.3,62.6,63.5,-0.9,-1.4173,30281.66,189746.317
995,603506.SH,20190712,19.5,20.03,19.28,19.32,19.75,-0.43,-2.1772,27366.06,53507.531
996,603536.SH,20190712,9.64,9.87,9.59,9.59,9.89,-0.3,-3.0334,30420.0,29419.083
997,603578.SH,20190712,20.6,20.61,20.01,20.26,20.82,-0.56,-2.6897,12974.78,26352.477
998,603589.SH,20190712,63.77,64.43,62.68,63.5,63.21,0.29,0.4588,23645.0,150310.264
999,603506.SH,20190711,19.01,19.9,18.82,19.75,18.89,0.86,4.5527,50020.36,96396.751
1000,603536.SH,20190711,10.25,10.25,9.64,9.89,10.1,-0.21,-2.0792,42573.04,42106.391
1001,603578.SH,20190711,20.0,21.55,19.81,20.82,20.28,0.54,2.6627,29110.98,60510.326
1002,603589.SH,20190711,64.4,64.99,63.01,63.21,63.76,-0.55,-0.8626,35854.78,229270.348
1003,603506.SH,20190710,18.86,18.96,18.62,18.89,18.86,0.03,0.1591,27605.26,51818.485
1004,603536.SH,20190710,9.92,10.5,9.81,10.1,9.8,0.3,3.0612,57035.6,57757.391
1005,603578.SH,20190710,19.21,20.79,19.12,20.28,19.32,0.96,4.9689,8427.0,16666.757
1006,603589.SH,20190710,64.01,64.84,62.88,63.76,63.3,0.46,0.7267,34790.17,221933.228
1007,603506.SH,20190709,19.25,19.37,18.64,18.86,19.3,-0.44,-2.2798,42080.03,79577.876
1008,603536.SH,20190709,9.4,9.88,9.34,9.8,9.5,0.3,3.1579,46263.37,44636.232
1009,603578.SH,20190709,19.2,19.32,18.94,19.32,19.11,0.21,1.0989,3783.38,7254.317
1010,603589.SH,20190709,62.68,64.5,62.65,63.3,62.61,0.69,1.1021,45843.04,291643.551
1011,603506.SH,20190708,19.71,19.99,18.8,19.3,20.54,-1.24,-6.037,67258.56,131105.519
1012,603536.SH,20190708,9.48,9.65,9.2,9.5,9.67,-0.17,-1.758,56874.64,53668.803
1013,603578.SH,20190708,20.0,20.0,19.08,19.11,20.0,-0.89,-4.45,5981.0,11567.17
1014,603589.SH,20190708,63.73,65.02,61.68,62.61,63.66,-1.05,-1.6494,50949.29,321105.073
1015,603506.SH,20190705,22.0,23.21,20.4,20.54,21.14,-0.6,-2.8382,112099.76,241922.919
1016,603536.SH,20190705,9.52,10.0,9.42,9.67,10.22,-0.55,-5.3816,81813.19,78567.689
1017,603578.SH,20190705,19.85,20.11,19.65,20.0,19.68,0.32,1.626,6241.0,12404.401
1018,603589.SH,20190705,61.78,64.48,61.5,63.66,61.6,2.06,3.3442,68194.19,428286.081
1019,603506.SH,20190704,19.22,21.14,19.22,21.14,19.22,1.92,9.9896,57246.75,117098.416
1020,603536.SH,20190704,12.0,12.02,10.22,10.22,11.36,-1.14,-10.0352,137383.03,153975.61
1021,603578.SH,20190704,19.95,20.0,19.63,19.68,19.89,-0.21,-1.0558,4775.0,9441.01
1022,603589.SH,20190704,64.0,64.25,61.0,61.6,64.81,-3.21,-4.9529,71107.87,439782.198
1023,603506.SH,20190703,19.31,19.8,19.08,19.22,19.99,-0.77,-3.8519,43380.79,83916.741
1024,603536.SH,20190703,10.55,11.36,10.55,11.36,10.33,1.03,9.971,79944.04,90326.514
1025,603578.SH,20190703,20.05,20.05,19.66,19.89,20.06,-0.17,-0.8475,6029.0,11949.421
1026,603589.SH,20190703,64.0,66.05,63.0,64.81,66.57,-1.76,-2.6438,87292.47,563325.196
1027,603506.SH,20190702,20.36,21.0,19.41,19.99,20.36,-0.37,-1.8173,85118.94,171240.255
1028,603536.SH,20190702,10.23,10.35,10.12,10.33,10.3,0.03,0.2913,19683.6,20187.172
1029,603578.SH,20190702,19.85,20.23,19.85,20.06,19.88,0.18,0.9054,9688.23,19440.444
1030,603589.SH,20190702,66.5,67.8,65.37,66.57,66.24,0.33,0.4982,29197.5,194341.635
1031,603506.SH,20190701,18.66,20.36,18.53,20.36,18.51,1.85,9.9946,45388.23,91317.602
1032,603536.SH,20190701,10.44,10.47,10.16,10.3,10.28,0.02,0.1946,30633.19,31568.608
1033,603578.SH,20190701,19.67,19.99,19.67,19.88,19.54,0.34,1.74,9557.38,19013.259
1034,603589.SH,20190701,66.0,67.1,65.6,66.24,64.42,1.82,2.8252,49011.37,326188.803
1035,603506.SH,20190628,24.47,24.65,23.71,24.36,24.71,-0.35,-1.4164,18739.9,45233.857
1036,603536.SH,20190628,10.68,10.68,10.19,10.28,10.7,-0.42,-3.9252,31418.61,32603.118
1037,603578.SH,20190628,19.86,19.9,19.37,19.54,19.83,-0.29,-1.4624,4260.0,8329.774
1038,603589.SH,20190628,64.3,65.38,63.68,64.42,64.4,0.02,0.0311,32207.57,207790.471
1039,603506.SH,20190627,25.25,25.26,24.59,24.71,25.1,-0.39,-1.5538,15705.43,38978.966
1040,603536.SH,20190627,9.98,10.89,9.88,10.7,9.95,0.75,7.5377,60799.07,63364.038
1041,603578.SH,20190627,19.67,19.93,19.61,19.83,19.69,0.14,0.711,4118.0,8164.794
1042,603589.SH,20190627,62.14,65.5,62.14,64.4,62.3,2.1,3.3708,58990.96,379520.561
1043,603506.SH,20190626,24.59,25.2,24.11,25.1,24.5,0.6,2.449,24235.3,59980.056
1044,603536.SH,20190626,9.44,10.25,9.42,9.95,9.37,0.58,6.19,45705.35,45416.373
1045,603578.SH,20190626,19.6,19.78,19.51,19.69,19.66,0.03,0.1526,4294.0,8446.523
1046,603589.SH,20190626,60.75,62.5,60.22,62.3,61.49,0.81,1.3173,35300.65,218348.724
1047,603506.SH,20190625,24.78,24.8,24.34,24.5,24.57,-0.07,-0.2849,14185.5,34906.272
1048,603536.SH,20190625,9.61,9.68,9.35,9.37,9.6,-0.23,-2.3958,9936.19,9397.467
1049,603578.SH,20190625,19.72,19.89,19.5,19.66,19.92,-0.26,-1.3052,5792.67,11407.182
1050,603589.SH,20190625,61.99,62.6,60.0,61.49,61.42,0.07,0.114,46588.34,285106.129
1051,603506.SH,20190624,24.59,24.7,24.42,24.57,24.57,0.0,0.0,7565.2,18551.992
1052,603536.SH,20190624,9.71,9.76,9.52,9.6,9.71,-0.11,-1.1329,8776.4,8442.337
1053,603578.SH,20190624,19.7,19.95,19.54,19.92,19.75,0.17,0.8608,8908.83,17653.458
1054,603589.SH,20190624,59.97,63.18,59.63,61.42,59.97,1.45,2.4179,75666.66,467203.227
1055,603506.SH,20190621,24.3,24.77,24.3,24.57,24.3,0.27,1.1111,14817.9,36386.862
1056,603536.SH,20190621,9.68,9.99,9.59,9.71,9.59,0.12,1.2513,17348.19,16903.222
1057,603578.SH,20190621,19.57,19.95,19.52,19.75,19.52,0.23,1.1783,10815.33,21397.985
1058,603589.SH,20190621,60.0,60.73,59.31,59.97,59.69,0.28,0.4691,50605.81,303399.009
1059,603506.SH,20190620,24.35,24.43,24.09,24.3,24.44,-0.14,-0.5728,15191.69,36851.848
1060,603536.SH,20190620,9.69,9.69,9.44,9.59,9.58,0.01,0.1044,11472.0,10950.934
1061,603578.SH,20190620,19.17,19.54,19.01,19.52,19.1,0.42,2.199,6641.12,12800.422
1062,603589.SH,20190620,56.89,60.11,56.69,59.69,56.95,2.74,4.8112,41544.68,245408.017
1063,603506.SH,20190619,24.61,26.4,24.44,24.44,24.41,0.03,0.1229,25006.5,61766.276
1064,603536.SH,20190619,9.55,9.74,9.45,9.58,9.47,0.11,1.1616,8560.12,8195.05
1065,603578.SH,20190619,19.2,19.37,19.02,19.1,18.92,0.18,0.9514,5492.0,10529.196
1066,603589.SH,20190619,56.5,58.08,56.5,56.95,55.5,1.45,2.6126,37279.63,213413.601
1067,603506.SH,20190618,24.74,24.93,24.18,24.41,24.76,-0.35,-1.4136,8043.6,19729.467
1068,603536.SH,20190618,9.58,9.6,9.42,9.47,9.46,0.01,0.1057,5171.67,4909.919
1069,603578.SH,20190618,19.16,19.25,18.87,18.92,19.03,-0.11,-0.578,4103.5,7789.873
1070,603589.SH,20190618,56.46,56.59,55.02,55.5,56.26,-0.76,-1.3509,24625.8,136426.902
1071,603506.SH,20190617,24.8,24.99,24.66,24.76,24.77,-0.01,-0.0404,3337.5,8286.413
1072,603536.SH,20190617,9.5,9.58,9.37,9.46,9.5,-0.04,-0.4211,6518.4,6179.944
1073,603578.SH,20190617,18.94,19.27,18.91,19.03,19.18,-0.15,-0.7821,3490.0,6646.847
1074,603589.SH,20190617,55.88,56.88,55.8,56.26,56.52,-0.26,-0.46,20547.21,115632.694
1075,603506.SH,20190614,25.44,25.44,24.61,24.77,25.04,-0.27,-1.0783,7515.14,18772.796
1076,603536.SH,20190614,9.68,9.76,9.5,9.5,9.75,-0.25,-2.5641,11076.0,10616.939
1077,603578.SH,20190614,19.36,19.7,18.8,19.18,19.62,-0.44,-2.2426,4662.53,8994.616
1078,603589.SH,20190614,57.0,57.68,56.0,56.52,57.37,-0.85,-1.4816,30724.22,174344.257
1079,603506.SH,20190613,25.6,25.6,24.7,25.04,25.5,-0.46,-1.8039,6908.0,17359.663
1080,603536.SH,20190613,9.63,9.78,9.52,9.75,9.72,0.03,0.3086,18391.2,17703.496
1081,603578.SH,20190613,19.7,19.84,19.42,19.62,19.75,-0.13,-0.6582,4914.25,9625.96
1082,603589.SH,20190613,56.69,58.0,55.2,57.37,56.69,0.68,1.1995,29737.0,166927.855
1083,603506.SH,20190612,25.69,25.88,25.5,25.5,25.88,-0.38,-1.4683,3145.9,8083.397
1084,603536.SH,20190612,9.82,9.92,9.66,9.72,9.82,-0.1,-1.0183,19593.15,19186.633
1085,603578.SH,20190612,19.56,19.88,19.36,19.75,19.56,0.19,0.9714,8645.2,17082.056
1086,603589.SH,20190612,57.7,58.5,56.41,56.69,57.9,-1.21,-2.0898,33104.0,189264.193
1087,603506.SH,20190611,25.25,26.01,25.2,25.88,25.5,0.38,1.4902,9052.6,23259.292
1088,603536.SH,20190611,10.03,10.03,9.63,9.82,9.6,0.22,2.2917,24785.15,24455.931
1089,603578.SH,20190611,19.06,19.67,19.06,19.56,19.03,0.53,2.7851,4610.05,8958.423
1090,603589.SH,20190611,55.57,58.15,55.31,57.9,55.4,2.5,4.5126,47140.29,271042.061
1091,603506.SH,20190610,25.5,25.69,24.93,25.5,25.5,0.0,0.0,9760.35,24681.933
1092,603536.SH,20190610,9.23,9.87,9.23,9.6,9.22,0.38,4.1215,16487.36,15751.151
1093,603578.SH,20190610,18.87,19.07,18.7,19.03,18.68,0.35,1.8737,2664.69,5045.487
1094,603589.SH,20190610,53.94,56.17,52.5,55.4,53.65,1.75,3.2619,29894.53,164616.948
1095,603506.SH,20190606,26.3,26.5,25.5,25.5,26.33,-0.83,-3.1523,5423.89,14161.856
1096,603536.SH,20190606,9.46,9.46,9.12,9.22,9.38,-0.16,-1.7058,12428.6,11560.369
1097,603578.SH,20190606,19.17,19.17,18.66,18.68,19.19,-0.51,-2.6576,2636.29,4958.78
1098,603589.SH,20190606,54.84,55.19,53.27,53.65,54.8,-1.15,-2.0985,20057.37,108672.579
1099,603506.SH,20190605,26.25,26.58,25.82,26.33,26.5,-0.17,-0.6415,7530.06,19674.037
1100,603536.SH,20190605,9.48,9.48,9.35,9.38,9.41,-0.03,-0.3188,6937.63,6519.344
1101,603578.SH,20190605,19.05,19.3,18.87,19.19,18.82,0.37,1.966,3518.46,6725.054
1102,603589.SH,20190605,55.26,55.79,54.4,54.8,54.76,0.04,0.073,30640.46,168769.117
1103,603506.SH,20190604,26.64,26.64,25.45,26.5,26.64,-0.14,-0.5255,15739.9,40918.723
1104,603536.SH,20190604,9.43,9.65,9.4,9.41,9.55,-0.14,-1.466,9604.67,9131.73
1105,603578.SH,20190604,19.34,19.75,18.56,18.82,19.3,-0.48,-2.487,4274.61,8225.376
1106,603589.SH,20190604,56.97,57.09,53.6,54.76,56.97,-2.21,-3.8792,42745.69,233481.857
1107,603506.SH,20190603,26.3,26.98,26.11,26.64,26.66,-0.02,-0.075,9981.84,26407.927
1108,603536.SH,20190603,9.62,9.63,9.4,9.55,9.6,-0.05,-0.5208,9271.4,8797.027
1109,603578.SH,20190603,19.68,19.85,19.18,19.3,19.66,-0.36,-1.8311,4597.0,8931.348
1110,603589.SH,20190603,57.14,58.38,56.0,56.97,57.19,-0.22,-0.3847,31416.13,179032.272
1111,603506.SH,20190531,26.61,27.65,26.06,26.66,26.61,0.05,0.1879,14072.15,37513.165
1112,603536.SH,20190531,9.52,9.65,9.4,9.6,9.52,0.08,0.8403,10643.79,10189.312
1113,603578.SH,20190531,19.69,19.77,19.49,19.66,19.85,-0.19,-0.9572,4640.0,9118.623
1114,603589.SH,20190531,58.44,58.47,56.5,57.19,58.23,-1.04,-1.786,24190.2,138928.999
1115,603506.SH,20190530,25.7,26.7,25.28,26.61,25.7,0.91,3.5409,29500.8,76557.905
1116,603536.SH,20190530,9.41,9.57,9.41,9.52,9.47,0.05,0.528,11724.15,11132.673
1117,603578.SH,20190530,19.79,19.95,19.6,19.85,19.8,0.05,0.2525,4620.81,9122.023
1118,603589.SH,20190530,58.29,59.38,57.26,58.23,58.2,0.03,0.0515,16993.75,98399.909
1119,603506.SH,20190529,25.5,25.75,25.14,25.7,25.69,0.01,0.0389,14761.27,37571.97
1120,603536.SH,20190529,9.52,9.58,9.41,9.47,9.47,0.0,0.0,9925.32,9420.803
1121,603578.SH,20190529,19.58,19.88,19.55,19.8,19.53,0.27,1.3825,4560.54,8998.29
1122,603589.SH,20190529,57.61,58.85,57.01,58.2,58.3,-0.1,-0.1715,26351.57,153337.749
1123,603506.SH,20190528,24.7,25.85,24.7,25.69,25.03,0.66,2.6368,21256.47,53861.578
1124,603536.SH,20190528,9.54,9.67,9.4,9.47,9.54,-0.07,-0.7338,13616.59,12991.018
1125,603578.SH,20190528,19.58,19.92,19.39,19.53,19.58,-0.05,-0.2554,5522.0,10902.941
1126,603589.SH,20190528,58.18,60.1,57.6,59.8,58.84,0.96,1.6315,33468.71,198933.059
1127,603506.SH,20190527,24.2,25.23,23.95,25.03,24.21,0.82,3.387,11114.07,27486.545
1128,603536.SH,20190527,9.51,9.61,9.45,9.54,9.51,0.03,0.3155,14667.2,14012.835
1129,603578.SH,20190527,18.96,20.0,18.65,19.58,18.84,0.74,3.9278,8292.0,16228.014
1130,603589.SH,20190527,59.0,59.39,56.86,58.84,58.79,0.05,0.085,43048.66,249048.744
1131,603506.SH,20190524,24.19,24.49,23.82,24.21,24.25,-0.04,-0.1649,6844.4,16500.079
1132,603536.SH,20190524,9.44,9.66,9.4,9.51,9.49,0.02,0.2107,11070.0,10507.065
1133,603578.SH,20190524,18.86,18.99,18.68,18.84,18.86,-0.02,-0.106,1872.0,3524.48
1134,603589.SH,20190524,58.2,59.96,58.2,58.79,58.25,0.54,0.927,28567.06,168502.104
1135,603506.SH,20190523,23.45,24.49,22.91,24.25,23.45,0.8,3.4115,18403.33,43789.592
1136,603536.SH,20190523,9.6,9.64,9.42,9.49,9.68,-0.19,-1.9628,13218.0,12563.625
1137,603578.SH,20190523,19.06,19.24,18.67,18.86,19.03,-0.17,-0.8933,2760.0,5247.02
1138,603589.SH,20190523,61.0,61.9,58.12,58.25,61.38,-3.13,-5.0994,41404.11,246067.157
1139,603506.SH,20190522,23.5,24.1,23.4,23.45,23.68,-0.23,-0.9713,5513.73,13084.797
1140,603536.SH,20190522,9.59,9.68,9.49,9.68,9.57,0.11,1.1494,14405.72,13770.48
1141,603578.SH,20190522,19.19,19.39,18.91,19.03,19.19,-0.16,-0.8338,2704.0,5177.645
1142,603589.SH,20190522,60.6,62.48,58.5,61.38,59.88,1.5,2.505,46170.39,283854.257
1143,603506.SH,20190521,22.51,23.68,22.51,23.68,23.34,0.34,1.4567,4677.63,10909.762
1144,603536.SH,20190521,9.7,9.73,9.46,9.57,9.64,-0.07,-0.7261,15826.8,15195.44
1145,603578.SH,20190521,18.68,19.3,18.68,19.19,18.88,0.31,1.6419,3912.99,7478.851
1146,603589.SH,20190521,58.4,60.71,57.41,59.88,58.4,1.48,2.5342,32990.51,196628.522
1147,603506.SH,20190520,23.8,23.9,22.8,23.34,23.86,-0.52,-2.1794,7913.03,18353.121
1148,603536.SH,20190520,9.65,9.81,9.52,9.64,9.82,-0.18,-1.833,16351.52,15730.143
1149,603578.SH,20190520,18.8,18.98,18.24,18.88,19.3,-0.42,-2.1762,5980.97,11137.451
1150,603589.SH,20190520,60.25,60.3,56.49,58.4,60.31,-1.91,-3.167,36837.32,213852.692
1151,603506.SH,20190517,23.8,23.95,23.29,23.86,23.8,0.06,0.2521,9422.39,22313.607
1152,603536.SH,20190517,10.2,10.2,9.82,9.82,10.15,-0.33,-3.2512,26363.4,26298.672
1153,603578.SH,20190517,20.45,20.45,19.25,19.3,19.93,-0.63,-3.1611,6248.0,12457.258
1154,603589.SH,20190517,61.59,63.07,60.0,60.31,62.09,-1.78,-2.8668,32085.14,197137.51
1155,603506.SH,20190516,23.86,23.89,23.51,23.8,23.69,0.11,0.4643,4573.0,10841.336
1156,603536.SH,20190516,10.16,10.35,9.95,10.15,10.11,0.04,0.3956,25401.55,25814.535
1157,603578.SH,20190516,19.61,19.93,19.4,19.93,19.83,0.1,0.5043,5615.0,11044.815
1158,603589.SH,20190516,60.7,63.2,59.6,62.09,60.96,1.13,1.8537,52883.05,325735.83
1159,603506.SH,20190515,23.5,23.9,23.48,23.69,23.43,0.26,1.1097,6751.2,16025.358
1160,603536.SH,20190515,9.9,10.38,9.73,10.11,9.71,0.4,4.1195,29594.0,29866.577
1161,603578.SH,20190515,20.95,20.95,19.67,19.83,19.24,0.59,3.0665,8525.1,17063.718
1162,603589.SH,20190515,58.27,61.34,58.1,60.96,57.38,3.58,6.2391,55852.68,333840.481
1163,603506.SH,20190514,23.38,23.54,23.03,23.43,23.41,0.02,0.0854,5755.3,13441.287
1164,603536.SH,20190514,9.66,9.91,9.54,9.71,9.68,0.03,0.3099,19187.8,18804.555
1165,603578.SH,20190514,19.4,19.4,19.07,19.24,19.4,-0.16,-0.8247,2816.99,5419.01
1166,603589.SH,20190514,57.4,58.54,56.9,57.38,58.67,-1.29,-2.1987,41979.68,242949.658
1167,603506.SH,20190513,23.09,23.55,22.91,23.41,23.32,0.09,0.3859,4973.6,11542.756
1168,603536.SH,20190513,9.58,9.75,9.52,9.68,9.72,-0.04,-0.4115,18003.96,17390.72
1169,603578.SH,20190513,19.22,19.5,19.2,19.4,19.44,-0.04,-0.2058,3260.79,6305.11
1170,603589.SH,20190513,58.5,58.9,56.8,58.67,59.3,-0.63,-1.0624,46037.21,267747.039
